code,year,n_words,dict_hits,ShortTerm,ShortTermSent,name,industry,soe,size,lev,age,roa,rd_intensity,latent_shortterm
000001,2019,177,7,3.9548,25.0,北动力制造,医药制造,0,21.969,0.356,24,0.097,1.324,1.6966
000001,2020,185,8,4.3243,29.4118,北动力制造,医药制造,0,21.933,0.549,25,-0.019,2.431,1.3131
000001,2021,216,7,3.2407,25.0,北动力制造,医药制造,0,21.996,0.405,26,-0.041,4.767,0.3144
000001,2022,131,4,3.0534,15.3846,北动力制造,医药制造,0,21.943,0.485,27,0.11,3.54,-0.2811
000001,2023,196,5,2.551,22.2222,北动力制造,医药制造,0,21.896,0.414,28,0.083,4.447,0.0049
000004,2019,181,5,2.7624,18.75,利装备实业,电子元器件制造,0,21.67,0.05,12,-0.021,3.806,-0.4188
000004,2020,194,5,2.5773,16.6667,利装备实业,电子元器件制造,0,21.918,0.128,13,0.058,6.338,-0.4977
000004,2021,176,5,2.8409,25.0,利装备实业,电子元器件制造,0,22.143,0.556,14,-0.021,5.535,0.0987
000004,2022,196,9,4.5918,27.7778,利装备实业,电子元器件制造,0,22.236,0.23,15,0.035,3.334,0.3368
000004,2023,158,7,4.4304,20.0,利装备实业,电子元器件制造,0,21.985,0.238,16,0.005,4.396,0.3221
000007,2019,139,5,3.5971,23.0769,天医化科技,化学原料制造,0,23.791,0.129,9,0.043,5.592,0.0311
000007,2020,151,3,1.9868,14.2857,天医化科技,化学原料制造,0,23.579,0.308,10,0.062,5.672,0.2374
000007,2021,194,7,3.6082,22.2222,天医化科技,化学原料制造,0,23.69,0.397,11,-0.067,4.466,0.2468
000007,2022,171,4,2.3392,18.75,天医化科技,化学原料制造,0,23.91,0.164,12,-0.02,4.266,0.1132
000007,2023,208,6,2.8846,21.0526,天医化科技,化学原料制造,0,23.699,0.568,13,0.041,2.872,0.4649
000010,2019,188,9,4.7872,22.2222,利医化股份,化学原料制造,0,23.438,0.2,21,0.082,5.884,0.1796
000010,2020,192,7,3.6458,22.2222,利医化股份,化学原料制造,0,23.521,0.176,22,0.019,5.029,0.4679
000010,2021,224,10,4.4643,30.0,利医化股份,化学原料制造,0,23.384,0.394,23,0.018,4.501,0.318
000010,2022,165,7,4.2424,25.0,利医化股份,化学原料制造,0,23.523,0.413,24,-0.007,5.49,-0.149
000010,2023,156,9,5.7692,33.3333,利医化股份,化学原料制造,0,23.56,0.58,25,0.031,4.095,0.1747
000013,2019,188,9,4.7872,29.4118,宏装备制造,专用设备制造,1,22.809,0.435,14,-0.073,2.915,1.5015
000013,2020,155,3,1.9355,21.4286,宏装备制造,专用设备制造,1,23.015,0.176,15,0.023,1.812,1.5972
000013,2021,171,7,4.0936,31.25,宏装备制造,专用设备制造,1,23.025,0.489,16,-0.002,2.46,1.0227
000013,2022,158,6,3.7975,26.6667,宏装备制造,专用设备制造,1,23.542,0.349,17,-0.027,3.122,0.8999
000013,2023,213,8,3.7559,21.0526,宏装备制造,专用设备制造,1,23.048,0.496,18,0.034,2.396,0.7066
000016,2019,223,8,3.5874,25.0,瑞精工实业,汽车零部件制造,0,22.783,0.329,21,0.077,4.075,0.0092
000016,2020,200,3,1.5,17.6471,瑞精工实业,汽车零部件制造,0,22.789,0.488,22,0.127,4.71,-0.3616
000016,2021,197,7,3.5533,22.2222,瑞精工实业,汽车零部件制造,0,22.914,0.448,23,-0.009,5.029,-0.6338
000016,2022,198,4,2.0202,22.2222,瑞精工实业,汽车零部件制造,0,22.699,0.506,24,0.065,6.068,-0.8436
000016,2023,155,2,1.2903,7.1429,瑞精工实业,汽车零部件制造,0,23.066,0.246,25,0.001,4.066,-0.7296
000019,2019,148,5,3.3784,21.4286,宏电子股份,化学原料制造,1,23.176,0.314,9,-0.022,4.304,-0.0336
000019,2020,162,5,3.0864,20.0,宏电子股份,化学原料制造,1,22.944,0.361,10,0.003,4.995,-0.245
000019,2021,198,5,2.5253,16.6667,宏电子股份,化学原料制造,1,23.033,0.47,11,0.092,4.642,-0.4773
000019,2022,150,5,3.3333,20.0,宏电子股份,化学原料制造,1,22.945,0.433,12,0.048,4.494,0.2208
000019,2023,186,7,3.7634,23.5294,宏电子股份,化学原料制造,1,23.247,0.633,13,0.008,6.192,-0.3187
000022,2019,163,3,1.8405,12.5,威新材制造,汽车零部件制造,0,23.037,0.493,15,0.028,3.196,0.3855
000022,2020,201,4,1.99,15.7895,威新材制造,汽车零部件制造,0,22.829,0.242,16,0.068,4.703,0.2785
000022,2021,186,5,2.6882,18.75,威新材制造,汽车零部件制造,0,22.606,0.484,17,0.014,4.247,0.1101
000022,2022,215,8,3.7209,15.0,威新材制造,汽车零部件制造,0,23.05,0.257,18,0.073,5.577,0.346
000022,2023,178,5,2.809,18.75,威新材制造,汽车零部件制造,0,22.836,0.389,19,-0.083,3.315,0.1224
000025,2019,188,4,2.1277,16.6667,晟医化股份,电子元器件制造,1,21.05,0.392,6,0.065,5.572,-0.7745
000025,2020,161,2,1.2422,6.6667,晟医化股份,电子元器件制造,1,21.306,0.291,7,0.105,4.537,-0.5887
000025,2021,218,5,2.2936,21.0526,晟医化股份,电子元器件制造,1,21.384,0.688,8,0.015,2.601,0.0128
000025,2022,174,4,2.2989,12.5,晟医化股份,电子元器件制造,1,21.4,0.428,9,-0.048,4.373,-0.1752
000025,2023,194,6,3.0928,23.5294,晟医化股份,电子元器件制造,1,21.506,0.425,10,0.011,2.102,0.0669
000028,2019,193,8,4.1451,26.3158,东医化股份,医药制造,0,23.021,0.46,18,0.001,5.36,-0.1729
000028,2020,180,6,3.3333,17.6471,东医化股份,医药制造,0,23.255,0.388,19,-0.036,4.912,-0.4776
000028,2021,170,7,4.1176,25.0,东医化股份,医药制造,0,23.205,0.448,20,0.075,5.253,0.0017
000028,2022,158,4,2.5316,20.0,东医化股份,医药制造,0,23.427,0.264,21,0.056,4.37,-0.5433
000028,2023,201,5,2.4876,15.7895,东医化股份,医药制造,0,23.175,0.441,22,-0.022,5.942,-0.4262
000031,2019,228,4,1.7544,14.2857,中新材股份,电子元器件制造,0,22.858,0.592,24,0.051,7.908,-2.1885
000031,2020,143,2,1.3986,7.1429,中新材股份,电子元器件制造,0,23.004,0.457,25,-0.091,7.067,-1.3969
000031,2021,168,2,1.1905,13.3333,中新材股份,电子元器件制造,0,22.763,0.2,26,0.006,4.55,-0.4711
000031,2022,216,7,3.2407,20.0,中新材股份,电子元器件制造,0,23.104,0.432,27,0.138,5.235,0.1009
000031,2023,203,9,4.4335,27.7778,中新材股份,电子元器件制造,0,22.688,0.538,28,0.098,2.675,0.1588
000034,2019,185,7,3.7838,17.6471,利环科科技,化学原料制造,0,21.877,0.219,19,-0.024,2.492,1.0839
000034,2020,169,4,2.3669,20.0,利环科科技,化学原料制造,0,22.188,0.396,20,-0.0,3.176,0.4189
000034,2021,184,6,3.2609,23.5294,利环科科技,化学原料制造,0,22.254,0.471,21,0.008,2.779,0.1139
000034,2022,204,6,2.9412,22.2222,利环科科技,化学原料制造,0,22.445,0.638,22,0.101,5.239,-0.423
000034,2023,113,2,1.7699,18.1818,利环科科技,化学原料制造,0,22.303,0.471,23,0.135,4.665,-0.9814
000037,2019,218,8,3.6697,21.0526,康光电股份,化学原料制造,0,23.895,0.227,14,0.078,6.505,-0.5855
000037,2020,188,5,2.6596,16.6667,康光电股份,化学原料制造,0,23.814,0.493,15,0.054,5.728,-0.6859
000037,2021,226,5,2.2124,19.0476,康光电股份,化学原料制造,0,23.845,0.602,16,0.051,6.417,-0.9132
000037,2022,200,4,2.0,16.6667,康光电股份,化学原料制造,0,23.773,0.394,17,-0.019,5.389,-0.3313
000037,2023,171,3,1.7544,12.5,康光电股份,化学原料制造,0,23.992,0.239,18,-0.007,6.382,-0.0651
000040,2019,215,8,3.7209,23.8095,中智控实业,化学原料制造,0,20.977,0.4,24,0.044,2.702,0.7962
000040,2020,178,6,3.3708,25.0,中智控实业,化学原料制造,0,21.004,0.548,25,0.025,3.749,0.5791
000040,2021,185,7,3.7838,29.4118,中智控实业,化学原料制造,0,20.932,0.604,26,0.029,2.931,0.662
000040,2022,200,7,3.5,21.0526,中智控实业,化学原料制造,0,21.209,0.686,27,0.108,2.582,0.7215
000040,2023,169,7,4.142,25.0,中智控实业,化学原料制造,0,20.904,0.258,28,-0.006,1.368,0.5688
000043,2019,181,6,3.3149,16.6667,北智控科技,汽车零部件制造,0,21.328,0.6,8,0.037,5.754,-0.8839
000043,2020,185,2,1.0811,11.7647,北智控科技,汽车零部件制造,0,21.61,0.742,9,0.112,5.057,-0.7944
000043,2021,180,5,2.7778,18.75,北智控科技,汽车零部件制造,0,21.156,0.512,10,0.052,4.208,-0.5016
000043,2022,159,5,3.1447,26.6667,北智控科技,汽车零部件制造,0,21.429,0.353,11,0.053,4.224,-0.0668
000043,2023,189,5,2.6455,22.2222,北智控科技,汽车零部件制造,0,21.608,0.241,12,-0.009,4.4,-0.1251
000046,2019,243,8,3.2922,27.2727,瑞新材股份,电子元器件制造,0,20.546,0.531,22,-0.013,4.029,-0.3234
000046,2020,165,4,2.4242,25.0,瑞新材股份,电子元器件制造,0,20.295,0.356,23,0.015,2.573,0.1884
000046,2021,167,6,3.5928,25.0,瑞新材股份,电子元器件制造,0,20.78,0.665,24,0.01,3.929,0.364
000046,2022,187,7,3.7433,23.5294,瑞新材股份,电子元器件制造,0,20.853,0.367,25,0.077,3.421,0.3531
000046,2023,155,6,3.871,20.0,瑞新材股份,电子元器件制造,0,20.544,0.596,26,-0.012,1.876,0.5467
000049,2019,162,7,4.321,26.6667,南智造股份,汽车零部件制造,1,22.136,0.535,17,0.039,2.24,0.9778
000049,2020,192,8,4.1667,29.4118,南智造股份,汽车零部件制造,1,22.466,0.39,18,-0.011,2.799,0.6543
000049,2021,208,6,2.8846,21.0526,南智造股份,汽车零部件制造,1,22.433,0.233,19,0.146,5.089,-0.0851
000049,2022,222,8,3.6036,26.3158,南智造股份,汽车零部件制造,1,22.574,0.382,20,0.017,4.462,0.3394
000049,2023,168,5,2.9762,18.75,南智造股份,汽车零部件制造,1,22.427,0.157,21,0.058,4.555,-0.0116
000052,2019,163,6,3.681,26.6667,瑞智造制造,化学原料制造,0,20.746,0.291,19,-0.015,3.603,0.1249
000052,2020,167,4,2.3952,18.75,瑞智造制造,化学原料制造,0,20.679,0.411,20,0.018,4.959,-0.1531
000052,2021,188,7,3.7234,29.4118,瑞智造制造,化学原料制造,0,20.549,0.451,21,0.02,3.763,-0.2275
000052,2022,191,6,3.1414,22.2222,瑞智造制造,化学原料制造,0,20.784,0.58,22,0.102,5.21,-0.1268
000052,2023,192,6,3.125,16.6667,瑞智造制造,化学原料制造,0,20.793,0.344,23,0.064,4.27,-0.2027
000055,2019,192,6,3.125,17.6471,东装备科技,医药制造,1,22.499,0.477,22,0.11,4.432,-0.113
000055,2020,181,6,3.3149,18.75,东装备科技,医药制造,1,22.424,0.365,23,0.04,4.161,0.1601
000055,2021,194,6,3.0928,23.5294,东装备科技,医药制造,1,22.546,0.328,24,0.084,3.962,0.4688
000055,2022,192,4,2.0833,17.6471,东装备科技,医药制造,1,22.555,0.521,25,-0.02,2.712,0.1758
000055,2023,185,9,4.8649,29.4118,东装备科技,医药制造,1,22.607,0.715,26,-0.006,3.842,0.2579
000058,2019,150,5,3.3333,28.5714,泰电子科技,专用设备制造,0,23.415,0.397,12,-0.029,4.719,-0.5842
000058,2020,155,4,2.5806,21.4286,泰电子科技,专用设备制造,0,23.352,0.156,13,0.065,4.567,0.1379
000058,2021,213,6,2.8169,21.0526,泰电子科技,专用设备制造,0,23.409,0.493,14,0.094,5.063,0.4579
000058,2022,145,8,5.5172,35.7143,泰电子科技,专用设备制造,0,23.351,0.309,15,0.048,4.581,0.7881
000058,2023,225,8,3.5556,23.8095,泰电子科技,专用设备制造,0,23.552,0.231,16,0.095,3.216,0.9878
000061,2019,177,3,1.6949,20.0,东智控科技,医药制造,1,20.853,0.443,12,0.021,2.601,0.4341
000061,2020,187,9,4.8128,23.5294,东智控科技,医药制造,1,20.692,0.366,13,0.042,3.449,-0.3392
000061,2021,200,4,2.0,11.1111,东智控科技,医药制造,1,21.083,0.422,14,-0.05,4.666,-0.6335
000061,2022,182,2,1.0989,11.7647,东智控科技,医药制造,1,21.258,0.326,15,0.072,4.008,-0.5264
000061,2023,166,9,5.4217,26.6667,东智控科技,医药制造,1,21.354,0.406,16,0.082,3.715,-0.6501
000064,2019,171,4,2.3392,25.0,北新材实业,医药制造,0,22.329,0.296,10,0.087,7.519,-0.3455
000064,2020,192,8,4.1667,23.5294,北新材实业,医药制造,0,22.302,0.371,11,0.003,4.484,0.0681
000064,2021,195,4,2.0513,16.6667,北新材实业,医药制造,0,22.49,0.482,12,0.05,4.896,0.1198
000064,2022,179,6,3.352,25.0,北新材实业,医药制造,0,22.39,0.502,13,0.048,4.875,0.2565
000064,2023,177,6,3.3898,18.75,北新材实业,医药制造,0,22.659,0.51,14,0.016,3.123,0.2913
000067,2019,180,7,3.8889,23.5294,晟动力实业,医药制造,0,23.707,0.565,22,0.071,4.012,0.974
000067,2020,159,7,4.4025,26.6667,晟动力实业,医药制造,0,23.57,0.374,23,0.06,3.866,0.7739
000067,2021,174,7,4.023,23.5294,晟动力实业,医药制造,0,23.357,0.476,24,0.059,4.568,-0.1777
000067,2022,171,4,2.3392,12.5,晟动力实业,医药制造,0,23.556,0.386,25,0.006,4.514,-0.3051
000067,2023,198,6,3.0303,21.0526,晟动力实业,医药制造,0,23.711,0.561,26,0.081,5.572,-0.141
000070,2019,195,4,2.0513,16.6667,瑞智造制造,汽车零部件制造,0,23.199,0.259,16,0.033,4.798,-0.8233
000070,2020,192,5,2.6042,16.6667,瑞智造制造,汽车零部件制造,0,22.978,0.433,17,0.013,5.637,-0.7383
000070,2021,161,3,1.8634,14.2857,瑞智造制造,汽车零部件制造,0,23.118,0.337,18,0.066,6.039,-0.2235
000070,2022,159,6,3.7736,20.0,瑞智造制造,汽车零部件制造,0,22.958,0.209,19,0.176,3.716,-0.6651
000070,2023,172,4,2.3256,18.75,瑞智造制造,汽车零部件制造,0,23.232,0.345,20,-0.006,5.415,-0.3987
000073,2019,179,6,3.352,23.5294,天装备股份,化学原料制造,0,22.021,0.648,21,-0.002,5.321,-0.1801
000073,2020,186,6,3.2258,17.6471,天装备股份,化学原料制造,0,22.428,0.379,22,-0.048,5.38,-0.4589
000073,2021,185,5,2.7027,17.6471,天装备股份,化学原料制造,0,22.259,0.518,23,0.071,3.449,-0.25
000073,2022,202,5,2.4752,22.2222,天装备股份,化学原料制造,0,22.434,0.308,24,0.028,2.837,-0.2532
000073,2023,204,6,2.9412,15.7895,天装备股份,化学原料制造,0,22.608,0.328,25,0.001,2.968,-0.1367
000076,2019,224,5,2.2321,15.0,东智控实业,医药制造,0,22.18,0.498,16,0.019,6.975,-0.3036
000076,2020,202,8,3.9604,22.2222,东智控实业,医药制造,0,22.222,0.417,17,0.062,4.659,0.1985
000076,2021,169,8,4.7337,25.0,东智控实业,医药制造,0,21.982,0.45,18,-0.048,4.159,-0.0255
000076,2022,148,5,3.3784,14.2857,东智控实业,医药制造,0,22.239,0.462,19,0.001,5.053,-0.3744
000076,2023,184,6,3.2609,17.6471,东智控实业,医药制造,0,22.053,0.464,20,0.056,5.104,0.2688
000079,2019,168,6,3.5714,18.75,瑞装备科技,医药制造,0,21.329,0.219,20,0.051,2.996,0.7894
000079,2020,229,6,2.6201,23.8095,瑞装备科技,医药制造,0,21.428,0.484,21,0.036,4.831,0.5167
000079,2021,187,6,3.2086,18.75,瑞装备科技,医药制造,0,21.199,0.179,22,0.021,4.601,0.1809
000079,2022,190,4,2.1053,17.6471,瑞装备科技,医药制造,0,21.414,0.585,23,-0.064,3.891,0.3511
000079,2023,171,7,4.0936,23.5294,瑞装备科技,医药制造,0,21.339,0.474,24,0.016,1.55,0.5692
000082,2019,193,8,4.1451,16.6667,天医化实业,汽车零部件制造,1,23.721,0.611,6,-0.009,7.289,-1.4405
000082,2020,180,2,1.1111,12.5,天医化实业,汽车零部件制造,1,23.333,0.469,7,0.022,7.357,-1.3065
000082,2021,187,4,2.139,11.7647,天医化实业,汽车零部件制造,1,23.77,0.494,8,0.011,6.727,-1.2543
000082,2022,155,1,0.6452,6.6667,天医化实业,汽车零部件制造,1,23.91,0.492,9,0.046,5.566,-0.5792
000082,2023,152,4,2.6316,13.3333,天医化实业,汽车零部件制造,1,23.676,0.586,10,-0.001,5.767,-0.8911
000085,2019,179,5,2.7933,18.75,东精工实业,专用设备制造,0,22.661,0.466,20,0.045,5.033,0.0721
000085,2020,201,4,1.99,16.6667,东精工实业,专用设备制造,0,22.725,0.38,21,0.058,3.518,-0.1703
000085,2021,186,6,3.2258,23.5294,东精工实业,专用设备制造,0,22.986,0.229,22,0.057,4.473,0.2899
000085,2022,190,6,3.1579,22.2222,东精工实业,专用设备制造,0,23.045,0.404,23,0.072,4.608,0.3564
000085,2023,147,7,4.7619,28.5714,东精工实业,专用设备制造,0,22.946,0.326,24,0.118,2.253,1.1185
000088,2019,166,4,2.4096,18.75,瑞智造股份,医药制造,0,22.853,0.596,12,0.108,5.385,-0.7983
000088,2020,164,1,0.6098,6.6667,瑞智造股份,医药制造,0,22.315,0.538,13,-0.018,5.682,-0.9109
000088,2021,129,0,0.0,0.0,瑞智造股份,医药制造,0,22.466,0.471,14,0.046,5.001,-0.4623
000088,2022,192,4,2.0833,16.6667,瑞智造股份,医药制造,0,22.616,0.366,15,0.07,6.578,-0.7094
000088,2023,138,3,2.1739,14.2857,瑞智造股份,医药制造,0,22.673,0.736,16,0.058,4.264,-0.5661
000091,2019,186,3,1.6129,11.7647,华新材制造,医药制造,0,22.248,0.498,25,0.055,3.349,0.1645
000091,2020,160,7,4.375,28.5714,华新材制造,医药制造,0,22.212,0.328,26,-0.003,3.85,0.1639
000091,2021,186,5,2.6882,17.6471,华新材制造,医药制造,0,22.173,0.612,27,-0.057,4.031,0.1426
000091,2022,186,4,2.1505,17.6471,华新材制造,医药制造,0,22.219,0.487,28,0.022,5.077,0.1561
000091,2023,158,3,1.8987,14.2857,华新材制造,医药制造,0,22.568,0.598,29,0.043,4.486,-0.2035
000094,2019,195,5,2.5641,17.6471,恒新材实业,化学原料制造,0,22.528,0.442,20,0.039,4.563,-0.0782
000094,2020,200,8,4.0,21.0526,恒新材实业,化学原料制造,0,22.367,0.445,21,-0.025,4.464,-0.1522
000094,2021,184,6,3.2609,25.0,恒新材实业,化学原料制造,0,22.47,0.445,22,0.138,4.521,0.434
000094,2022,179,6,3.352,18.75,恒新材实业,化学原料制造,0,22.671,0.43,23,0.011,2.743,0.3825
000094,2023,173,3,1.7341,12.5,恒新材实业,化学原料制造,0,22.583,0.399,24,0.052,4.029,-0.1709
000097,2019,144,5,3.4722,23.0769,金动力实业,化学原料制造,0,21.867,0.391,6,-0.022,3.731,-0.5077
000097,2020,166,3,1.8072,20.0,金动力实业,化学原料制造,0,21.601,0.199,7,-0.088,3.328,-0.9063
000097,2021,169,2,1.1834,6.6667,金动力实业,化学原料制造,0,21.889,0.579,8,0.012,4.694,-0.8259
000097,2022,201,5,2.4876,22.2222,金动力实业,化学原料制造,0,22.252,0.534,9,0.085,2.644,-0.3712
000097,2023,204,3,1.4706,11.1111,金动力实业,化学原料制造,0,22.271,0.533,10,0.043,4.859,-0.0386
000100,2019,155,2,1.2903,14.2857,瑞动力股份,汽车零部件制造,0,23.309,0.523,13,0.035,3.793,0.0111
000100,2020,218,5,2.2936,20.0,瑞动力股份,汽车零部件制造,0,23.438,0.263,14,0.018,3.192,0.1707
000100,2021,184,7,3.8043,23.5294,瑞动力股份,汽车零部件制造,0,23.358,0.575,15,0.054,5.728,0.2409
000100,2022,209,5,2.3923,15.7895,瑞动力股份,汽车零部件制造,0,23.442,0.275,16,0.051,5.291,0.2458
000100,2023,226,4,1.7699,19.0476,瑞动力股份,汽车零部件制造,0,23.606,0.292,17,-0.028,5.689,0.1604
000103,2019,151,2,1.3245,7.1429,东新材制造,医药制造,0,20.321,0.41,11,0.058,5.291,-1.1473
000103,2020,174,7,4.023,18.75,东新材制造,医药制造,0,20.748,0.24,12,0.076,3.926,-0.85
000103,2021,136,4,2.9412,15.3846,东新材制造,医药制造,0,20.723,0.343,13,0.056,4.834,-0.9232
000103,2022,168,3,1.7857,18.75,东新材制造,医药制造,0,21.185,0.272,14,-0.002,4.721,-0.7657
000103,2023,188,5,2.6596,17.6471,东新材制造,医药制造,0,20.922,0.332,15,0.03,4.301,-0.1582
000106,2019,197,5,2.5381,16.6667,北医化股份,医药制造,0,21.856,0.532,19,0.036,5.454,-0.6675
000106,2020,200,4,2.0,16.6667,北医化股份,医药制造,0,21.777,0.194,20,0.089,5.058,-0.9631
000106,2021,170,4,2.3529,18.75,北医化股份,医药制造,0,21.892,0.373,21,0.042,6.995,-0.9016
000106,2022,218,8,3.6697,20.0,北医化股份,医药制造,0,21.735,0.192,22,-0.024,5.299,-0.6006
000106,2023,174,6,3.4483,18.75,北医化股份,医药制造,0,21.761,0.335,23,0.089,4.124,-0.3262
000109,2019,179,4,2.2346,17.6471,利环科股份,电子元器件制造,0,21.649,0.539,24,0.067,5.92,-0.7134
000109,2020,175,4,2.2857,12.5,利环科股份,电子元器件制造,0,22.207,0.234,25,-0.007,3.958,-0.6548
000109,2021,194,2,1.0309,11.1111,利环科股份,电子元器件制造,0,22.034,0.257,26,0.021,4.167,-0.796
000109,2022,183,4,2.1858,23.5294,利环科股份,电子元器件制造,0,22.172,0.361,27,-0.008,4.341,-0.396
000109,2023,175,5,2.8571,18.75,利环科股份,电子元器件制造,0,22.053,0.533,28,0.114,6.288,-0.6912
000112,2019,191,7,3.6649,27.7778,威医化科技,电子元器件制造,0,22.235,0.381,20,0.013,0.299,2.8152
000112,2020,208,8,3.8462,30.0,威医化科技,电子元器件制造,0,22.085,0.505,21,0.076,0.2,2.2529
000112,2021,214,10,4.6729,30.0,威医化科技,电子元器件制造,0,22.485,0.459,22,0.084,0.958,1.7916
000112,2022,194,8,4.1237,27.7778,威医化科技,电子元器件制造,0,22.193,0.318,23,-0.012,2.986,0.8095
000112,2023,214,7,3.271,21.0526,威医化科技,电子元器件制造,0,22.119,0.211,24,0.049,3.976,0.4155
000115,2019,178,3,1.6854,11.7647,威医化制造,化学原料制造,0,20.25,0.548,9,0.111,5.86,-2.0075
000115,2020,195,7,3.5897,23.5294,威医化制造,化学原料制造,0,20.061,0.319,10,-0.003,5.169,-1.4254
000115,2021,168,5,2.9762,18.75,威医化制造,化学原料制造,0,19.759,0.645,11,0.009,4.523,-1.1554
000115,2022,137,3,2.1898,15.3846,威医化制造,化学原料制造,0,19.912,0.502,12,0.075,4.859,-0.5333
000115,2023,148,3,2.027,14.2857,威医化制造,化学原料制造,0,20.299,0.385,13,0.053,4.056,-0.732
000118,2019,189,3,1.5873,11.7647,泰动力实业,医药制造,0,20.38,0.233,12,0.119,3.169,0.7632
000118,2020,184,8,4.3478,27.7778,泰动力实业,医药制造,0,20.551,0.496,13,0.032,1.895,1.2793
000118,2021,206,9,4.3689,27.7778,泰动力实业,医药制造,0,20.687,0.417,14,0.055,1.65,0.8088
000118,2022,174,8,4.5977,26.6667,泰动力实业,医药制造,0,20.55,0.538,15,0.078,3.321,0.3428
000118,2023,193,7,3.6269,22.2222,泰动力实业,医药制造,0,20.43,0.387,16,0.035,3.447,0.1811
300002,2019,183,7,3.8251,23.5294,北智控实业,专用设备制造,1,20.695,0.475,8,0.076,2.485,-0.0254
300002,2020,214,9,4.2056,21.0526,北智控实业,专用设备制造,1,20.711,0.369,9,0.105,4.028,-0.2906
300002,2021,179,4,2.2346,17.6471,北智控实业,专用设备制造,1,21.063,0.389,10,0.086,4.399,-0.0286
300002,2022,167,4,2.3952,25.0,北智控实业,专用设备制造,1,21.002,0.186,11,-0.003,4.204,0.0436
300002,2023,181,4,2.2099,11.7647,北智控实业,专用设备制造,1,21.046,0.256,12,0.012,4.785,-0.3718
300005,2019,210,8,3.8095,21.0526,瑞电子股份,汽车零部件制造,0,21.979,0.5,22,0.098,3.17,0.4006
300005,2020,153,8,5.2288,26.6667,瑞电子股份,汽车零部件制造,0,21.765,0.39,23,0.063,2.863,0.6173
300005,2021,198,7,3.5354,26.3158,瑞电子股份,汽车零部件制造,0,21.863,0.449,24,-0.045,4.168,0.0969
300005,2022,173,9,5.2023,25.0,瑞电子股份,汽车零部件制造,0,21.854,0.333,25,0.045,2.955,0.6387
300005,2023,196,5,2.551,22.2222,瑞电子股份,汽车零部件制造,0,22.068,0.468,26,0.007,4.356,0.2295
300008,2019,154,6,3.8961,20.0,泰医化科技,医药制造,0,22.207,0.113,22,0.109,4.831,-0.1247
300008,2020,213,4,1.8779,10.5263,泰医化科技,医药制造,0,22.633,0.358,23,0.096,5.87,-0.0615
300008,2021,185,7,3.7838,29.4118,泰医化科技,医药制造,0,22.367,0.392,24,-0.01,5.619,-0.248
300008,2022,172,5,2.907,18.75,泰医化科技,医药制造,0,22.601,0.497,25,0.091,2.202,0.4442
300008,2023,151,6,3.9735,28.5714,泰医化科技,医药制造,0,22.521,0.212,26,-0.019,3.763,0.366
300011,2019,188,4,2.1277,11.1111,康新材实业,化学原料制造,1,20.829,0.338,25,0.059,5.617,-0.903
300011,2020,195,4,2.0513,16.6667,康新材实业,化学原料制造,1,21.23,0.409,26,-0.003,4.111,-0.5478
300011,2021,217,4,1.8433,15.7895,康新材实业,化学原料制造,1,21.185,0.579,27,0.059,4.704,-0.4968
300011,2022,186,6,3.2258,23.5294,康新材实业,化学原料制造,1,21.178,0.661,28,0.12,5.462,0.021
300011,2023,224,13,5.8036,25.0,康新材实业,化学原料制造,1,21.238,0.619,29,0.065,3.684,-0.0604
300014,2019,177,5,2.8249,18.75,北智控科技,汽车零部件制造,0,21.195,0.503,10,0.023,4.195,-0.8951
300014,2020,160,8,5.0,26.6667,北智控科技,汽车零部件制造,0,21.304,0.365,11,0.083,4.132,0.106
300014,2021,181,4,2.2099,12.5,北智控科技,汽车零部件制造,0,21.482,0.449,12,0.063,3.866,-0.3394
300014,2022,183,4,2.1858,11.7647,北智控科技,汽车零部件制造,0,21.61,0.479,13,0.006,2.75,-0.2351
300014,2023,152,6,3.9474,21.4286,北智控科技,汽车零部件制造,0,21.614,0.618,14,-0.013,3.529,-0.1615
300017,2019,186,7,3.7634,29.4118,恒光电股份,化学原料制造,0,20.905,0.418,9,0.098,3.236,0.3819
300017,2020,175,5,2.8571,18.75,恒光电股份,化学原料制造,0,20.73,0.406,10,0.053,4.751,0.0343
300017,2021,191,6,3.1414,22.2222,恒光电股份,化学原料制造,0,20.686,0.425,11,0.116,1.718,0.3799
300017,2022,194,9,4.6392,29.4118,恒光电股份,化学原料制造,0,20.669,0.488,12,0.113,2.665,0.3365
300017,2023,212,7,3.3019,25.0,恒光电股份,化学原料制造,0,20.656,0.512,13,-0.048,3.401,0.5694
300020,2019,165,5,3.0303,20.0,恒精工股份,医药制造,0,23.026,0.514,21,-0.008,7.205,-0.3422
300020,2020,165,3,1.8182,13.3333,恒精工股份,医药制造,0,23.432,0.439,22,0.051,4.948,-0.2627
300020,2021,199,7,3.5176,23.5294,恒精工股份,医药制造,0,23.571,0.186,23,0.043,4.53,0.2884
300020,2022,176,4,2.2727,17.6471,恒精工股份,医药制造,0,23.328,0.504,24,0.068,8.081,-0.5984
300020,2023,218,4,1.8349,15.0,恒精工股份,医药制造,0,23.428,0.357,25,0.033,5.362,-0.2743
300023,2019,179,5,2.7933,17.6471,中新材科技,电子元器件制造,0,22.186,0.597,7,0.12,6.553,-0.4138
300023,2020,202,7,3.4653,21.0526,中新材科技,电子元器件制造,0,21.848,0.545,8,0.069,3.822,0.2288
300023,2021,169,5,2.9586,20.0,中新材科技,电子元器件制造,0,22.031,0.219,9,0.04,3.964,0.0852
300023,2022,172,4,2.3256,18.75,中新材科技,电子元器件制造,0,21.894,0.316,10,0.059,4.965,-0.2921
300023,2023,200,7,3.5,22.2222,中新材科技,电子元器件制造,0,22.028,0.237,11,-0.018,4.264,-0.301
300026,2019,194,6,3.0928,16.6667,天电子科技,化学原料制造,0,21.324,0.568,25,-0.036,4.958,-0.1136
300026,2020,183,6,3.2787,22.2222,天电子科技,化学原料制造,0,21.71,0.297,26,0.025,4.072,0.2107
300026,2021,191,5,2.6178,15.7895,天电子科技,化学原料制造,0,21.429,0.629,27,-0.019,4.859,-0.2184
300026,2022,168,2,1.1905,13.3333,天电子科技,化学原料制造,0,21.903,0.715,28,0.054,4.068,-0.1242
300026,2023,174,4,2.2989,25.0,天电子科技,化学原料制造,0,21.951,0.266,29,-0.026,2.34,-0.0452
300029,2019,161,3,1.8634,13.3333,恒智造实业,电子元器件制造,1,23.358,0.381,19,-0.036,6.142,-1.0732
300029,2020,171,5,2.924,18.75,恒智造实业,电子元器件制造,1,23.589,0.432,20,-0.01,4.226,-0.7889
300029,2021,148,3,2.027,21.4286,恒智造实业,电子元器件制造,1,23.629,0.28,21,0.029,5.423,-0.9691
300029,2022,134,4,2.9851,23.0769,恒智造实业,电子元器件制造,1,23.351,0.508,22,0.044,4.264,-0.6326
300029,2023,186,4,2.1505,12.5,恒智造实业,电子元器件制造,1,23.79,0.478,23,0.004,3.891,-0.089
300032,2019,196,10,5.102,27.7778,利智造科技,化学原料制造,0,22.011,0.351,14,0.018,5.114,0.4192
300032,2020,204,7,3.4314,27.7778,利智造科技,化学原料制造,0,22.15,0.637,15,0.069,2.374,0.4142
300032,2021,180,7,3.8889,29.4118,利智造科技,化学原料制造,0,22.049,0.379,16,-0.013,3.799,0.654
300032,2022,185,10,5.4054,29.4118,利智造科技,化学原料制造,0,22.232,0.265,17,-0.057,1.481,0.9977
300032,2023,168,1,0.5952,6.6667,利智造科技,化学原料制造,0,22.184,0.398,18,0.102,5.144,0.4498
300035,2019,178,4,2.2472,17.6471,北动力制造,电子元器件制造,0,22.389,0.346,9,0.035,5.458,-0.9858
300035,2020,176,7,3.9773,25.0,北动力制造,电子元器件制造,0,22.324,0.453,10,0.099,4.157,-0.5122
300035,2021,203,6,2.9557,21.0526,北动力制造,电子元器件制造,0,22.278,0.489,11,0.023,4.465,-0.1733
300035,2022,206,5,2.4272,22.2222,北动力制造,电子元器件制造,0,22.474,0.397,12,0.031,4.541,-0.2524
300035,2023,198,3,1.5152,10.5263,北动力制造,电子元器件制造,0,22.574,0.208,13,-0.025,4.646,-0.5691
300038,2019,223,6,2.6906,20.0,中电子制造,电子元器件制造,1,21.131,0.474,25,0.004,4.774,-0.5021
300038,2020,192,7,3.6458,22.2222,中电子制造,电子元器件制造,1,21.165,0.444,26,0.054,3.134,0.4867
300038,2021,190,4,2.1053,17.6471,中电子制造,电子元器件制造,1,21.256,0.348,27,0.117,3.601,-0.1755
300038,2022,202,4,1.9802,21.0526,中电子制造,电子元器件制造,1,21.294,0.607,28,-0.005,3.976,-0.4298
300038,2023,226,5,2.2124,15.0,中电子制造,电子元器件制造,1,21.481,0.355,29,0.029,4.633,-0.3101
300041,2019,178,12,6.7416,35.2941,东电子实业,医药制造,0,22.307,0.506,8,0.062,2.43,0.5225
300041,2020,150,6,4.0,28.5714,东电子实业,医药制造,0,22.321,0.404,9,0.139,3.738,0.1465
300041,2021,220,9,4.0909,25.0,东电子实业,医药制造,0,22.278,0.455,10,0.055,5.167,0.3372
300041,2022,171,4,2.3392,20.0,东电子实业,医药制造,0,22.398,0.456,11,-0.012,4.106,0.3926
300041,2023,172,7,4.0698,25.0,东电子实业,医药制造,0,22.496,0.469,12,0.023,3.778,0.1593
300044,2019,152,4,2.6316,21.4286,华新材股份,汽车零部件制造,0,19.931,0.192,16,0.065,3.42,-0.3576
300044,2020,197,6,3.0457,22.2222,华新材股份,汽车零部件制造,0,19.785,0.229,17,0.037,3.117,-0.1397
300044,2021,156,5,3.2051,20.0,华新材股份,汽车零部件制造,0,20.023,0.05,18,0.119,4.02,-0.4403
300044,2022,165,5,3.0303,25.0,华新材股份,汽车零部件制造,0,20.251,0.379,19,-0.012,3.049,-0.4277
300044,2023,178,3,1.6854,12.5,华新材股份,汽车零部件制造,0,20.279,0.481,20,0.016,4.14,-0.3441
300047,2019,172,6,3.4884,23.5294,天精工实业,医药制造,0,18.935,0.355,25,-0.044,6.506,-1.357
300047,2020,152,4,2.6316,14.2857,天精工实业,医药制造,0,19.084,0.466,26,-0.041,4.099,-1.0355
300047,2021,151,4,2.649,21.4286,天精工实业,医药制造,0,19.088,0.403,27,0.06,2.788,-0.5506
300047,2022,158,3,1.8987,13.3333,天精工实业,医药制造,0,19.449,0.38,28,0.187,1.876,-0.8197
300047,2023,165,4,2.4242,20.0,天精工实业,医药制造,0,19.285,0.365,29,-0.094,4.713,-0.4685
300050,2019,208,4,1.9231,21.0526,华智造科技,医药制造,0,21.595,0.391,6,0.11,3.824,-0.3528
300050,2020,170,5,2.9412,20.0,华智造科技,医药制造,0,21.523,0.391,7,0.023,4.389,-0.202
300050,2021,173,10,5.7803,31.25,华智造科技,医药制造,0,21.866,0.337,8,0.073,5.061,0.4543
300050,2022,182,6,3.2967,18.75,华智造科技,医药制造,0,21.813,0.493,9,0.144,3.688,0.117
300050,2023,180,7,3.8889,23.5294,华智造科技,医药制造,0,21.72,0.247,10,0.047,5.051,0.3216
300053,2019,224,6,2.6786,21.0526,康新材制造,专用设备制造,0,22.489,0.63,9,0.052,4.753,0.6763
300053,2020,202,6,2.9703,21.0526,康新材制造,专用设备制造,0,22.336,0.471,10,0.03,4.99,0.5082
300053,2021,144,6,4.1667,28.5714,康新材制造,专用设备制造,0,22.879,0.479,11,-0.04,5.963,0.2542
300053,2022,174,6,3.4483,25.0,康新材制造,专用设备制造,0,22.642,0.655,12,-0.016,4.141,-0.3089
300053,2023,208,5,2.4038,15.7895,康新材制造,专用设备制造,0,22.901,0.47,13,0.042,6.66,-0.4476
300056,2019,191,8,4.1885,27.7778,瑞电子制造,化学原料制造,1,23.828,0.476,25,0.134,4.449,0.8693
300056,2020,216,6,2.7778,20.0,瑞电子制造,化学原料制造,1,23.929,0.474,26,0.107,5.502,0.336
300056,2021,189,7,3.7037,23.5294,瑞电子制造,化学原料制造,1,23.787,0.388,27,-0.041,4.052,0.1991
300056,2022,176,6,3.4091,25.0,瑞电子制造,化学原料制造,1,23.987,0.652,28,0.064,4.564,0.154
300056,2023,211,8,3.7915,21.0526,瑞电子制造,化学原料制造,1,24.106,0.69,29,0.226,3.945,0.2713
300059,2019,144,4,2.7778,15.3846,中电子科技,电子元器件制造,0,21.909,0.314,25,0.052,6.753,-0.9579
300059,2020,168,5,2.9762,25.0,中电子科技,电子元器件制造,0,21.986,0.494,26,0.054,5.606,-0.3647
300059,2021,167,4,2.3952,12.5,中电子科技,电子元器件制造,0,22.366,0.598,27,0.084,5.208,-0.8242
300059,2022,146,3,2.0548,14.2857,中电子科技,电子元器件制造,0,22.464,0.453,28,0.034,5.854,-0.6631
300059,2023,162,4,2.4691,13.3333,中电子科技,电子元器件制造,0,22.105,0.588,29,-0.012,5.892,-1.2561
300062,2019,144,4,2.7778,15.3846,华光电股份,医药制造,0,21.564,0.696,9,0.029,5.285,-0.8871
300062,2020,176,5,2.8409,25.0,华光电股份,医药制造,0,21.629,0.36,10,-0.002,6.012,-1.1499
300062,2021,188,3,1.5957,17.6471,华光电股份,医药制造,0,21.468,0.399,11,0.022,5.144,-0.7403
300062,2022,151,4,2.649,21.4286,华光电股份,医药制造,0,21.451,0.374,12,-0.049,3.461,-0.8403
300062,2023,139,3,2.1583,7.6923,华光电股份,医药制造,0,21.664,0.38,13,0.037,4.262,-0.7664
300065,2019,198,6,3.0303,15.7895,宏新材科技,汽车零部件制造,0,22.248,0.333,20,0.116,4.827,0.2191
300065,2020,196,5,2.551,17.6471,宏新材科技,汽车零部件制造,0,22.412,0.672,21,-0.047,4.658,-0.1691
300065,2021,178,5,2.809,17.6471,宏新材科技,汽车零部件制造,0,22.63,0.817,22,0.068,4.274,-0.0858
300065,2022,189,4,2.1164,17.6471,宏新材科技,汽车零部件制造,0,22.382,0.317,23,0.099,3.415,-0.1117
300065,2023,161,6,3.7267,20.0,宏新材科技,汽车零部件制造,0,22.738,0.541,24,0.059,6.879,-0.2645
300068,2019,173,4,2.3121,18.75,恒医化股份,汽车零部件制造,0,21.444,0.628,21,0.121,3.538,-0.2791
300068,2020,146,3,2.0548,14.2857,恒医化股份,汽车零部件制造,0,21.325,0.109,22,0.002,3.814,-0.0168
300068,2021,189,4,2.1164,17.6471,恒医化股份,汽车零部件制造,0,21.453,0.465,23,0.076,5.305,-0.4177
300068,2022,184,8,4.3478,23.5294,恒医化股份,汽车零部件制造,0,21.591,0.632,24,0.016,3.619,-0.1804
300068,2023,177,7,3.9548,18.75,恒医化股份,汽车零部件制造,0,21.503,0.624,25,0.108,5.34,-0.573
300071,2019,185,4,2.1622,17.6471,恒医化科技,专用设备制造,1,23.247,0.189,16,-0.055,4.911,-0.0045
300071,2020,176,5,2.8409,18.75,恒医化科技,专用设备制造,1,23.04,0.459,17,0.117,3.2,0.6516
300071,2021,187,8,4.2781,27.7778,恒医化科技,专用设备制造,1,23.403,0.617,18,0.047,5.734,0.4175
300071,2022,173,6,3.4682,25.0,恒医化科技,专用设备制造,1,23.253,0.12,19,-0.019,4.163,0.4421
300071,2023,175,9,5.1429,25.0,恒医化科技,专用设备制造,1,23.223,0.423,20,0.032,3.937,0.6301
300074,2019,198,10,5.0505,27.7778,康动力制造,专用设备制造,0,20.759,0.629,19,-0.039,4.407,-0.2075
300074,2020,180,8,4.4444,26.6667,康动力制造,专用设备制造,0,20.626,0.713,20,-0.062,5.058,-0.5209
300074,2021,203,6,2.9557,16.6667,康动力制造,专用设备制造,0,20.853,0.239,21,0.053,3.927,-0.211
300074,2022,210,6,2.8571,21.0526,康动力制造,专用设备制造,0,20.772,0.339,22,-0.007,1.679,0.5829
300074,2023,129,5,3.876,30.7692,康动力制造,专用设备制造,0,20.829,0.657,23,0.043,2.865,0.6837
300077,2019,156,6,3.8462,26.6667,晟环科制造,电子元器件制造,1,21.755,0.509,14,-0.006,3.242,0.8727
300077,2020,191,8,4.1885,29.4118,晟环科制造,电子元器件制造,1,21.746,0.602,15,0.009,3.738,0.69
300077,2021,182,7,3.8462,25.0,晟环科制造,电子元器件制造,1,21.808,0.419,16,0.083,4.965,0.2208
300077,2022,220,7,3.1818,30.0,晟环科制造,电子元器件制造,1,21.981,0.319,17,0.021,4.676,0.3871
300077,2023,198,7,3.5354,22.2222,晟环科制造,电子元器件制造,1,21.935,0.331,18,0.055,4.645,0.3144
300080,2019,181,6,3.3149,29.4118,金医化实业,汽车零部件制造,0,20.983,0.515,9,0.096,1.868,1.916
300080,2020,200,10,5.0,31.5789,金医化实业,汽车零部件制造,0,21.189,0.271,10,0.07,1.432,1.1842
300080,2021,203,10,4.9261,36.8421,金医化实业,汽车零部件制造,0,21.434,0.345,11,0.094,1.847,1.8241
300080,2022,202,8,3.9604,31.5789,金医化实业,汽车零部件制造,0,21.185,0.419,12,0.031,1.33,1.3914
300080,2023,189,7,3.7037,17.6471,金医化实业,汽车零部件制造,0,21.384,0.44,13,-0.036,3.237,0.804
300083,2019,205,12,5.8537,33.3333,华精工股份,医药制造,0,20.61,0.316,9,0.015,2.648,0.4542
300083,2020,184,7,3.8043,23.5294,华精工股份,医药制造,0,20.875,0.481,10,0.084,2.714,0.0683
300083,2021,214,8,3.7383,28.5714,华精工股份,医药制造,0,21.153,0.627,11,0.133,2.177,0.6756
300083,2022,173,4,2.3121,25.0,华精工股份,医药制造,0,21.039,0.312,12,-0.077,4.029,0.4852
300083,2023,169,7,4.142,25.0,华精工股份,医药制造,0,21.003,0.258,13,0.036,2.324,0.1778
300086,2019,184,6,3.2609,17.6471,华环科制造,专用设备制造,1,20.756,0.318,20,-0.013,2.872,-0.0927
300086,2020,154,6,3.8961,21.4286,华环科制造,专用设备制造,1,21.217,0.256,21,0.028,3.215,-0.0401
300086,2021,206,6,2.9126,22.2222,华环科制造,专用设备制造,1,20.963,0.257,22,0.001,6.122,-0.5864
300086,2022,198,7,3.5354,22.2222,华环科制造,专用设备制造,1,21.036,0.501,23,0.024,6.483,-0.4132
300086,2023,211,6,2.8436,21.0526,华环科制造,专用设备制造,1,20.728,0.388,24,0.013,4.67,-0.3134
300089,2019,177,3,1.6949,18.75,利智造制造,医药制造,0,20.814,0.576,16,0.039,4.57,-0.717
300089,2020,157,6,3.8217,26.6667,利智造制造,医药制造,0,20.675,0.529,17,0.049,3.875,-0.4309
300089,2021,196,9,4.5918,26.3158,利智造制造,医药制造,0,20.802,0.23,18,-0.001,5.125,0.1275
300089,2022,192,7,3.6458,31.25,利智造制造,医药制造,0,20.823,0.517,19,0.088,3.539,0.162
300089,2023,210,6,2.8571,25.0,利智造制造,医药制造,0,20.749,0.318,20,0.032,2.605,0.4212
300092,2019,186,11,5.914,31.25,金动力制造,医药制造,1,22.566,0.686,13,-0.014,3.426,0.9456
300092,2020,172,10,5.814,31.25,金动力制造,医药制造,1,22.787,0.445,14,0.03,3.925,0.8251
300092,2021,178,6,3.3708,23.5294,金动力制造,医药制造,1,22.814,0.159,15,0.052,4.733,0.388
300092,2022,170,7,4.1176,20.0,金动力制造,医药制造,1,22.925,0.552,16,0.035,5.637,-0.0592
300092,2023,201,7,3.4826,21.0526,金动力制造,医药制造,1,22.936,0.44,17,0.083,5.151,-0.0036
300095,2019,147,7,4.7619,28.5714,南智造股份,医药制造,0,21.343,0.263,23,0.075,1.84,0.01
300095,2020,175,4,2.2857,18.75,南智造股份,医药制造,0,21.513,0.431,24,0.145,3.691,-0.3532
300095,2021,171,6,3.5088,18.75,南智造股份,医药制造,0,21.449,0.444,25,-0.008,4.176,-0.5391
300095,2022,174,3,1.7241,12.5,南智造股份,医药制造,0,21.647,0.553,26,0.014,5.421,-0.5196
300095,2023,146,5,3.4247,21.4286,南智造股份,医药制造,0,21.398,0.344,27,0.017,3.989,-0.3691
300098,2019,211,7,3.3175,20.0,晟电子制造,汽车零部件制造,0,22.947,0.473,10,-0.037,6.426,-0.4809
300098,2020,215,3,1.3953,10.5263,晟电子制造,汽车零部件制造,0,23.036,0.319,11,0.057,5.868,-0.7512
300098,2021,185,3,1.6216,12.5,晟电子制造,汽车零部件制造,0,23.08,0.355,12,0.044,7.382,-0.846
300098,2022,193,5,2.5907,17.6471,晟电子制造,汽车零部件制造,0,23.029,0.307,13,-0.088,4.889,-0.7769
300098,2023,191,5,2.6178,16.6667,晟电子制造,汽车零部件制造,0,23.413,0.49,14,-0.015,6.135,-0.7031
300101,2019,174,7,4.023,25.0,南精工制造,专用设备制造,1,23.437,0.502,25,0.101,4.548,0.0036
300101,2020,206,6,2.9126,26.3158,南精工制造,专用设备制造,1,23.829,0.718,26,0.022,6.985,0.1082
300101,2021,126,5,3.9683,30.7692,南精工制造,专用设备制造,1,23.937,0.527,27,-0.019,4.241,0.3304
300101,2022,176,6,3.4091,20.0,南精工制造,专用设备制造,1,23.94,0.488,28,0.098,5.238,0.1802
300101,2023,194,5,2.5773,16.6667,南精工制造,专用设备制造,1,23.868,0.425,29,0.095,5.109,-0.2259
300104,2019,197,6,3.0457,22.2222,中智造股份,电子元器件制造,0,20.007,0.378,20,0.031,2.542,0.351
300104,2020,148,4,2.7027,20.0,中智造股份,电子元器件制造,0,19.847,0.381,21,0.072,3.241,-0.004
300104,2021,183,8,4.3716,27.7778,中智造股份,电子元器件制造,0,20.17,0.556,22,0.089,4.428,-0.1545
300104,2022,182,5,2.7473,23.5294,中智造股份,电子元器件制造,0,20.272,0.486,23,0.009,3.813,-0.5136
300104,2023,145,4,2.7586,21.4286,中智造股份,电子元器件制造,0,20.386,0.313,24,-0.041,4.127,-0.2234
300107,2019,200,6,3.0,15.7895,金电子科技,专用设备制造,0,23.605,0.422,20,0.023,5.449,-0.5097
300107,2020,215,7,3.2558,25.0,金电子科技,专用设备制造,0,23.67,0.309,21,0.064,5.573,-0.047
300107,2021,178,3,1.6854,18.75,金电子科技,专用设备制造,0,23.664,0.52,22,0.113,5.87,0.2538
300107,2022,206,5,2.4272,21.0526,金电子科技,专用设备制造,0,23.735,0.491,23,0.103,5.559,-0.0337
300107,2023,203,4,1.9704,16.6667,金电子科技,专用设备制造,0,23.815,0.431,24,0.073,5.251,-0.029
300110,2019,202,7,3.4653,21.0526,康精工实业,专用设备制造,0,23.291,0.38,20,0.049,5.257,0.4991
300110,2020,196,4,2.0408,16.6667,康精工实业,专用设备制造,0,23.49,0.38,21,-0.023,4.911,0.2222
300110,2021,181,5,2.7624,25.0,康精工实业,专用设备制造,0,23.406,0.365,22,0.043,3.61,0.3637
300110,2022,163,4,2.454,13.3333,康精工实业,专用设备制造,0,23.619,0.367,23,0.077,4.963,0.1036
300110,2023,169,5,2.9586,26.6667,康精工实业,专用设备制造,0,23.315,0.419,24,-0.017,2.639,0.7353
300113,2019,180,5,2.7778,18.75,晟动力实业,电子元器件制造,0,23.439,0.555,9,0.124,3.845,0.2491
300113,2020,167,6,3.5928,18.75,晟动力实业,电子元器件制造,0,23.605,0.589,10,0.125,4.484,0.2836
300113,2021,197,8,4.0609,26.3158,晟动力实业,电子元器件制造,0,23.861,0.396,11,0.01,3.709,-0.1062
300113,2022,191,6,3.1414,23.5294,晟动力实业,电子元器件制造,0,23.632,0.178,12,0.046,6.275,-0.2723
300113,2023,189,5,2.6455,17.6471,晟动力实业,电子元器件制造,0,23.502,0.289,13,0.025,6.036,-0.0398
300116,2019,186,6,3.2258,23.5294,泰光电科技,专用设备制造,1,21.655,0.376,21,0.045,4.832,-0.1491
300116,2020,196,4,2.0408,16.6667,泰光电科技,专用设备制造,1,21.545,0.05,22,-0.035,2.744,-0.0509
300116,2021,173,10,5.7803,35.2941,泰光电科技,专用设备制造,1,21.849,0.694,23,0.06,4.519,0.0301
300116,2022,183,6,3.2787,23.5294,泰光电科技,专用设备制造,1,21.514,0.507,24,0.058,5.661,-0.2087
300116,2023,202,4,1.9802,16.6667,泰光电科技,专用设备制造,1,21.899,0.438,25,0.014,3.017,-0.2746
300119,2019,169,11,6.5089,31.25,金智控科技,专用设备制造,1,22.484,0.382,18,-0.005,2.996,1.2207
300119,2020,161,5,3.1056,23.5294,金智控科技,专用设备制造,1,22.9,0.448,19,-0.008,3.472,0.8541
300119,2021,172,7,4.0698,25.0,金智控科技,专用设备制造,1,22.811,0.604,20,0.025,4.666,0.9865
300119,2022,204,9,4.4118,27.7778,金智控科技,专用设备制造,1,23.065,0.534,21,0.026,4.01,0.4447
300119,2023,187,6,3.2086,23.5294,金智控科技,专用设备制造,1,22.937,0.201,22,0.061,5.069,0.2008
600003,2019,180,5,2.7778,18.75,东装备制造,汽车零部件制造,0,21.05,0.373,15,0.079,1.265,0.9433
600003,2020,173,8,4.6243,25.0,东装备制造,汽车零部件制造,0,20.609,0.284,16,0.035,3.457,0.0952
600003,2021,174,5,2.8736,18.75,东装备制造,汽车零部件制造,0,20.935,0.431,17,-0.012,3.769,-0.5179
600003,2022,191,7,3.6649,22.2222,东装备制造,汽车零部件制造,0,20.64,0.585,18,0.096,2.975,-0.0864
600003,2023,159,5,3.1447,13.3333,东装备制造,汽车零部件制造,0,21.121,0.324,19,0.069,3.562,-0.0096
600006,2019,187,9,4.8128,33.3333,瑞新材科技,专用设备制造,0,21.471,0.239,24,0.055,3.749,0.6667
600006,2020,160,6,3.75,26.6667,瑞新材科技,专用设备制造,0,21.64,0.411,25,0.058,2.241,0.7041
600006,2021,170,2,1.1765,13.3333,瑞新材科技,专用设备制造,0,21.926,0.471,26,0.05,2.853,0.0477
600006,2022,134,4,2.9851,15.3846,瑞新材科技,专用设备制造,0,22.014,0.443,27,0.054,4.512,-0.5234
600006,2023,158,7,4.4304,26.6667,瑞新材科技,专用设备制造,0,21.797,0.463,28,0.002,1.586,0.4806
600009,2019,178,4,2.2472,17.6471,晟装备制造,专用设备制造,0,21.638,0.379,10,0.047,4.463,-0.567
600009,2020,206,4,1.9417,15.7895,晟装备制造,专用设备制造,0,22.063,0.306,11,0.164,4.31,-0.4833
600009,2021,145,3,2.069,23.0769,晟装备制造,专用设备制造,0,22.243,0.417,12,0.058,4.559,-0.7418
600009,2022,189,6,3.1746,17.6471,晟装备制造,专用设备制造,0,22.389,0.571,13,0.016,5.278,-0.8119
600009,2023,163,3,1.8405,20.0,晟装备制造,专用设备制造,0,22.238,0.592,14,0.027,4.324,-0.3041
600012,2019,202,7,3.4653,21.0526,北电子实业,专用设备制造,0,23.406,0.451,21,0.01,6.27,-1.2349
600012,2020,175,4,2.2857,12.5,北电子实业,专用设备制造,0,23.218,0.531,22,0.052,5.992,-0.9725
600012,2021,174,6,3.4483,23.5294,北电子实业,专用设备制造,0,23.395,0.422,23,0.029,4.903,-0.4996
600012,2022,184,4,2.1739,22.2222,北电子实业,专用设备制造,0,23.107,0.298,24,0.076,4.664,-0.3161
600012,2023,213,9,4.2254,26.3158,北电子实业,专用设备制造,0,23.328,0.431,25,0.046,4.675,-0.0773
600015,2019,139,6,4.3165,23.0769,天光电实业,电子元器件制造,0,21.742,0.171,15,-0.075,4.897,-0.3092
600015,2020,180,6,3.3333,18.75,天光电实业,电子元器件制造,0,21.73,0.389,16,-0.005,3.817,-0.0251
600015,2021,180,6,3.3333,23.5294,天光电实业,电子元器件制造,0,21.812,0.537,17,-0.06,3.087,0.1986
600015,2022,180,7,3.8889,29.4118,天光电实业,电子元器件制造,0,21.774,0.404,18,0.081,5.227,-0.3251
600015,2023,170,7,4.1176,26.6667,天光电实业,电子元器件制造,0,21.704,0.387,19,0.097,4.484,-0.2153
600018,2019,211,6,2.8436,20.0,宏智造实业,化学原料制造,0,22.579,0.514,23,0.082,6.429,0.1718
600018,2020,184,6,3.2609,23.5294,宏智造实业,化学原料制造,0,22.597,0.464,24,0.007,4.334,-0.3514
600018,2021,160,3,1.875,12.5,宏智造实业,化学原料制造,0,22.348,0.274,25,0.066,6.145,-0.2517
600018,2022,183,8,4.3716,25.0,宏智造实业,化学原料制造,0,22.751,0.449,26,0.074,3.505,0.0028
600018,2023,177,6,3.3898,18.75,宏智造实业,化学原料制造,0,22.589,0.538,27,0.067,3.423,0.1764
600021,2019,156,5,3.2051,21.4286,晟动力科技,专用设备制造,0,21.139,0.511,24,0.068,3.991,-1.0446
600021,2020,176,6,3.4091,25.0,晟动力科技,专用设备制造,0,21.455,0.329,25,0.063,6.25,-1.0419
600021,2021,195,4,2.0513,11.1111,晟动力科技,专用设备制造,0,21.257,0.369,26,0.049,4.945,-0.6428
600021,2022,161,6,3.7267,20.0,晟动力科技,专用设备制造,0,21.014,0.366,27,0.087,4.671,-0.5203
600021,2023,180,8,4.4444,25.0,晟动力科技,专用设备制造,0,21.638,0.477,28,0.096,4.259,-0.1097
600024,2019,229,7,3.0568,25.0,威医化制造,医药制造,0,23.534,0.6,11,0.085,5.12,0.1771
600024,2020,185,5,2.7027,23.5294,威医化制造,医药制造,0,23.841,0.345,12,-0.052,5.055,0.1524
600024,2021,182,5,2.7473,17.6471,威医化制造,医药制造,0,23.778,0.477,13,0.073,6.13,0.3176
600024,2022,193,5,2.5907,22.2222,威医化制造,医药制造,0,24.082,0.09,14,0.012,4.455,0.1486
600024,2023,167,5,2.994,18.75,威医化制造,医药制造,0,23.926,0.217,15,0.093,5.292,0.125
600027,2019,204,6,2.9412,15.7895,北医化实业,电子元器件制造,1,23.723,0.321,6,0.112,5.11,-0.7689
600027,2020,164,3,1.8293,14.2857,北医化实业,电子元器件制造,1,24.076,0.097,7,0.055,6.871,-0.9726
600027,2021,189,9,4.7619,23.5294,北医化实业,电子元器件制造,1,24.068,0.465,8,0.106,5.603,-0.2184
600027,2022,208,5,2.4038,16.6667,北医化实业,电子元器件制造,1,24.107,0.384,9,-0.045,7.005,-0.3395
600027,2023,156,2,1.2821,7.1429,北医化实业,电子元器件制造,1,24.302,0.464,10,0.126,6.834,-0.3895
600030,2019,183,6,3.2787,23.5294,北环科制造,电子元器件制造,0,22.204,0.335,10,0.072,1.466,0.5909
600030,2020,160,8,5.0,26.6667,北环科制造,电子元器件制造,0,22.351,0.675,11,0.119,2.413,0.6328
600030,2021,240,8,3.3333,23.8095,北环科制造,电子元器件制造,0,22.607,0.628,12,0.038,3.31,0.6842
600030,2022,211,12,5.6872,27.7778,北环科制造,电子元器件制造,0,22.638,0.4,13,0.045,5.125,0.7071
600030,2023,209,3,1.4354,10.5263,北环科制造,电子元器件制造,0,22.76,0.316,14,-0.041,3.821,0.4188
600033,2019,186,3,1.6129,11.7647,华新材实业,电子元器件制造,1,22.825,0.506,13,-0.033,5.028,-0.5248
600033,2020,202,7,3.4653,22.2222,华新材实业,电子元器件制造,1,22.833,0.479,14,0.141,3.995,-0.017
600033,2021,159,4,2.5157,13.3333,华新材实业,电子元器件制造,1,22.628,0.442,15,-0.019,3.87,0.3295
600033,2022,215,9,4.186,15.7895,华新材实业,电子元器件制造,1,22.626,0.747,16,0.026,5.443,-0.562
600033,2023,172,7,4.0698,25.0,华新材实业,电子元器件制造,1,22.76,0.426,17,-0.017,5.086,-0.4561
600036,2019,199,5,2.5126,16.6667,威动力科技,汽车零部件制造,0,21.646,0.329,24,0.1,5.34,0.1535
600036,2020,220,9,4.0909,20.0,威动力科技,汽车零部件制造,0,22.155,0.42,25,0.131,4.22,-0.2738
600036,2021,181,3,1.6575,11.7647,威动力科技,汽车零部件制造,0,21.842,0.315,26,0.088,5.245,-0.3994
600036,2022,180,5,2.7778,25.0,威动力科技,汽车零部件制造,0,21.977,0.621,27,0.021,5.009,-0.5449
600036,2023,215,6,2.7907,15.7895,威动力科技,汽车零部件制造,0,22.3,0.342,28,-0.034,3.518,0.1801
600039,2019,195,8,4.1026,33.3333,金动力制造,医药制造,0,21.625,0.517,11,0.06,3.506,0.8728
600039,2020,175,7,4.0,25.0,金动力制造,医药制造,0,21.503,0.214,12,-0.021,3.414,0.3653
600039,2021,144,3,2.0833,14.2857,金动力制造,医药制造,0,21.631,0.179,13,0.109,4.037,-0.481
600039,2022,223,5,2.2422,19.0476,金动力制造,医药制造,0,21.867,0.286,14,0.026,5.784,-0.5899
600039,2023,205,6,2.9268,21.0526,金动力制造,医药制造,0,21.996,0.353,15,-0.109,4.683,-0.289
600042,2019,204,5,2.451,26.3158,宏精工科技,化学原料制造,0,20.508,0.237,15,0.06,1.564,0.8634
600042,2020,184,4,2.1739,23.5294,宏精工科技,化学原料制造,0,20.406,0.307,16,0.063,2.543,0.3735
600042,2021,182,4,2.1978,17.6471,宏精工科技,化学原料制造,0,20.341,0.597,17,-0.005,2.777,0.0977
600042,2022,175,7,4.0,26.6667,宏精工科技,化学原料制造,0,20.391,0.358,18,0.118,3.441,0.0458
600042,2023,177,4,2.2599,17.6471,宏精工科技,化学原料制造,0,20.392,0.549,19,0.039,3.634,-0.123
600045,2019,217,9,4.1475,26.3158,瑞环科制造,医药制造,0,22.566,0.429,10,-0.027,3.819,0.9405
600045,2020,191,8,4.1885,27.7778,瑞环科制造,医药制造,0,22.322,0.207,11,0.023,4.087,0.2074
600045,2021,164,6,3.6585,20.0,瑞环科制造,医药制造,0,22.635,0.524,12,0.089,4.899,-0.3504
600045,2022,196,4,2.0408,16.6667,瑞环科制造,医药制造,0,22.457,0.462,13,0.014,4.215,-0.0799
600045,2023,182,7,3.8462,23.5294,瑞环科制造,医药制造,0,22.626,0.318,14,0.117,4.735,0.2462
600048,2019,190,8,4.2105,23.5294,中智控股份,专用设备制造,0,21.499,0.298,18,0.135,4.022,-0.2621
600048,2020,160,6,3.75,20.0,中智控股份,专用设备制造,0,21.476,0.559,19,0.061,3.484,-0.1435
600048,2021,200,9,4.5,26.3158,中智控股份,专用设备制造,0,21.66,0.518,20,-0.008,4.294,0.0734
600048,2022,176,5,2.8409,17.6471,中智控股份,专用设备制造,0,21.927,0.383,21,0.066,5.465,-0.3592
600048,2023,183,6,3.2787,23.5294,中智控股份,专用设备制造,0,21.794,0.382,22,-0.0,5.037,-0.3525
600051,2019,181,8,4.4199,29.4118,泰精工制造,电子元器件制造,1,21.511,0.586,6,0.012,3.262,0.3048
600051,2020,176,3,1.7045,12.5,泰精工制造,电子元器件制造,1,21.594,0.302,7,0.115,3.995,-0.0108
600051,2021,193,6,3.1088,22.2222,泰精工制造,电子元器件制造,1,21.749,0.281,8,0.041,3.043,-0.0505
600051,2022,179,5,2.7933,18.75,泰精工制造,电子元器件制造,1,21.602,0.455,9,-0.032,3.516,-0.1218
600051,2023,150,7,4.6667,21.4286,泰精工制造,电子元器件制造,1,21.429,0.39,10,0.024,2.793,-0.1933
600054,2019,184,5,2.7174,17.6471,恒精工股份,专用设备制造,0,21.433,0.445,25,0.026,2.014,0.2685
600054,2020,182,4,2.1978,16.6667,恒精工股份,专用设备制造,0,21.461,0.597,26,0.063,4.376,-0.3828
600054,2021,196,8,4.0816,23.5294,恒精工股份,专用设备制造,0,21.389,0.544,27,0.036,4.395,-0.2294
600054,2022,184,5,2.7174,18.75,恒精工股份,专用设备制造,0,21.552,0.569,28,0.044,5.151,0.0344
600054,2023,163,6,3.681,25.0,恒精工股份,专用设备制造,0,21.423,0.36,29,0.075,3.942,0.0092
600057,2019,188,9,4.7872,27.7778,北医化股份,专用设备制造,0,21.521,0.419,10,0.075,1.59,1.6582
600057,2020,208,8,3.8462,26.3158,北医化股份,专用设备制造,0,21.506,0.446,11,0.081,2.836,1.3978
600057,2021,199,4,2.0101,15.7895,北医化股份,专用设备制造,0,21.221,0.238,12,0.067,2.953,1.1185
600057,2022,233,7,3.0043,23.8095,北医化股份,专用设备制造,0,21.841,0.498,13,0.023,4.466,0.4696
600057,2023,169,7,4.142,26.6667,北医化股份,专用设备制造,0,21.857,0.413,14,0.066,4.115,0.4321
600060,2019,175,2,1.1429,12.5,北环科科技,汽车零部件制造,0,21.573,0.568,24,0.052,2.639,0.0009
600060,2020,188,10,5.3191,22.2222,北环科科技,汽车零部件制造,0,21.448,0.389,25,0.118,3.503,0.02
600060,2021,167,8,4.7904,23.5294,北环科科技,汽车零部件制造,0,21.538,0.512,26,0.047,2.772,0.3969
600060,2022,206,5,2.4272,21.0526,北环科科技,汽车零部件制造,0,21.437,0.594,27,-0.031,5.203,0.764
600060,2023,193,8,4.1451,22.2222,北环科科技,汽车零部件制造,0,21.786,0.506,28,0.108,2.167,0.4813
600063,2019,179,4,2.2346,18.75,华智控制造,医药制造,0,22.101,0.249,9,-0.041,1.648,0.969
600063,2020,178,4,2.2472,18.75,华智控制造,医药制造,0,21.563,0.432,10,0.094,3.961,0.3114
600063,2021,175,5,2.8571,18.75,华智控制造,医药制造,0,21.891,0.595,11,-0.021,5.06,0.0413
600063,2022,192,7,3.6458,23.5294,华智控制造,医药制造,0,22.016,0.304,12,0.024,2.852,0.2708
600063,2023,163,5,3.0675,20.0,华智控制造,医药制造,0,22.119,0.764,13,0.062,3.82,0.0976
600066,2019,204,6,2.9412,15.7895,晟医化实业,汽车零部件制造,1,22.378,0.723,10,0.103,4.755,-0.0726
600066,2020,191,7,3.6649,23.5294,晟医化实业,汽车零部件制造,1,22.528,0.458,11,0.067,3.517,0.2209
600066,2021,173,6,3.4682,20.0,晟医化实业,汽车零部件制造,1,22.401,0.24,12,0.028,3.984,0.1433
600066,2022,162,4,2.4691,25.0,晟医化实业,汽车零部件制造,1,22.409,0.38,13,0.032,3.371,0.3347
600066,2023,217,7,3.2258,20.0,晟医化实业,汽车零部件制造,1,22.45,0.552,14,0.082,4.538,-0.185
600069,2019,183,5,2.7322,17.6471,天装备实业,医药制造,1,21.313,0.586,17,0.092,4.887,-0.4564
600069,2020,170,4,2.3529,18.75,天装备实业,医药制造,1,21.554,0.516,18,0.025,4.183,-0.3955
600069,2021,167,4,2.3952,18.75,天装备实业,医药制造,1,21.5,0.517,19,0.06,2.641,-0.1643
600069,2022,203,6,2.9557,21.0526,天装备实业,医药制造,1,21.469,0.258,20,0.045,5.148,-0.5146
600069,2023,203,4,1.9704,11.1111,天装备实业,医药制造,1,21.622,0.322,21,-0.039,3.019,-0.0031
600072,2019,190,7,3.6842,27.7778,泰电子股份,专用设备制造,0,20.748,0.764,13,-0.055,2.342,0.7826
600072,2020,154,10,6.4935,28.5714,泰电子股份,专用设备制造,0,20.828,0.245,14,0.062,2.484,0.8738
600072,2021,189,6,3.1746,22.2222,泰电子股份,专用设备制造,0,20.818,0.609,15,0.055,2.775,0.4278
600072,2022,210,5,2.381,16.6667,泰电子股份,专用设备制造,0,20.85,0.426,16,0.102,4.577,-0.0465
600072,2023,147,5,3.4014,21.4286,泰电子股份,专用设备制造,0,21.062,0.51,17,0.055,6.152,-0.8496
600075,2019,162,5,3.0864,20.0,恒动力实业,医药制造,1,20.384,0.594,11,-0.011,4.071,0.3064
600075,2020,194,7,3.6082,23.5294,恒动力实业,医药制造,1,20.584,0.348,12,0.013,3.154,0.5329
600075,2021,180,8,4.4444,25.0,恒动力实业,医药制造,1,20.652,0.496,13,0.048,3.495,0.5295
600075,2022,216,8,3.7037,26.3158,恒动力实业,医药制造,1,20.908,0.226,14,-0.0,4.53,0.4307
600075,2023,202,8,3.9604,21.0526,恒动力实业,医药制造,1,20.949,0.291,15,-0.043,0.744,0.8813
600078,2019,194,4,2.0619,17.6471,华智控科技,电子元器件制造,1,22.092,0.287,14,-0.008,4.463,0.5094
600078,2020,195,5,2.5641,21.0526,华智控科技,电子元器件制造,1,22.243,0.418,15,-0.017,4.03,0.4397
600078,2021,131,5,3.8168,23.0769,华智控科技,电子元器件制造,1,21.907,0.385,16,0.052,2.521,0.1477
600078,2022,146,3,2.0548,15.3846,华智控科技,电子元器件制造,1,22.271,0.496,17,0.092,3.373,-0.1497
600078,2023,162,4,2.4691,18.75,华智控科技,电子元器件制造,1,22.047,0.535,18,0.164,4.914,-0.4401
600081,2019,181,4,2.2099,18.75,北电子科技,医药制造,0,21.71,0.591,19,0.105,3.36,-0.4054
600081,2020,220,8,3.6364,25.0,北电子科技,医药制造,0,21.933,0.408,20,0.027,4.091,0.0886
600081,2021,161,5,3.1056,18.75,北电子科技,医药制造,0,21.872,0.181,21,0.002,3.439,-0.2029
600081,2022,211,4,1.8957,15.7895,北电子科技,医药制造,0,22.057,0.478,22,0.109,6.147,-0.3957
600081,2023,185,7,3.7838,17.6471,北电子科技,医药制造,0,22.105,0.51,23,0.104,4.792,-0.2631
600084,2019,211,8,3.7915,26.3158,恒精工股份,汽车零部件制造,1,23.504,0.561,19,0.119,3.434,0.9592
600084,2020,178,8,4.4944,23.5294,恒精工股份,汽车零部件制造,1,23.637,0.121,20,0.084,4.396,0.9417
600084,2021,192,9,4.6875,27.7778,恒精工股份,汽车零部件制造,1,23.489,0.456,21,0.051,3.912,0.6983
600084,2022,179,10,5.5866,35.2941,恒精工股份,汽车零部件制造,1,23.892,0.608,22,-0.001,3.343,0.8815
600084,2023,210,5,2.381,20.0,恒精工股份,汽车零部件制造,1,23.656,0.463,23,-0.075,3.869,0.7309
600087,2019,173,2,1.1561,12.5,恒智造实业,汽车零部件制造,0,23.371,0.498,19,0.014,6.429,-0.4258
600087,2020,162,5,3.0864,20.0,恒智造实业,汽车零部件制造,0,23.517,0.469,20,-0.013,5.048,-1.0083
600087,2021,212,5,2.3585,20.0,恒智造实业,汽车零部件制造,0,23.289,0.607,21,0.05,5.137,-0.3297
600087,2022,209,5,2.3923,21.0526,恒智造实业,汽车零部件制造,0,23.629,0.573,22,-0.026,6.25,-0.2168
600087,2023,202,6,2.9703,22.2222,恒智造实业,汽车零部件制造,0,23.554,0.058,23,-0.078,6.465,-0.6261
600090,2019,150,4,2.6667,21.4286,金医化股份,医药制造,0,22.229,0.454,10,0.053,4.727,-0.3509
600090,2020,179,9,5.0279,29.4118,金医化股份,医药制造,0,22.315,0.321,11,0.1,4.153,-0.0154
600090,2021,226,5,2.2124,20.0,金医化股份,医药制造,0,22.132,0.597,12,0.0,3.783,0.1079
600090,2022,215,4,1.8605,15.7895,金医化股份,医药制造,0,22.253,0.204,13,-0.096,4.506,-0.1471
600090,2023,210,6,2.8571,16.6667,金医化股份,医药制造,0,22.266,0.448,14,0.107,4.252,-0.0201
600093,2019,132,3,2.2727,7.6923,晟医化股份,电子元器件制造,0,22.533,0.471,25,-0.01,4.493,-0.5735
600093,2020,204,7,3.4314,22.2222,晟医化股份,电子元器件制造,0,22.829,0.225,26,0.037,6.434,-0.3802
600093,2021,171,5,2.924,18.75,晟医化股份,电子元器件制造,0,23.02,0.131,27,0.048,5.517,-0.0826
600093,2022,179,5,2.7933,17.6471,晟医化股份,电子元器件制造,0,22.908,0.151,28,0.076,4.901,-0.2919
600093,2023,147,6,4.0816,21.4286,晟医化股份,电子元器件制造,0,22.784,0.576,29,0.097,4.626,-0.5902
600096,2019,160,3,1.875,14.2857,威新材股份,电子元器件制造,0,20.919,0.358,19,-0.044,4.988,-1.2488
600096,2020,203,3,1.4778,15.0,威新材股份,电子元器件制造,0,20.971,0.276,20,0.102,6.049,-0.8645
600096,2021,178,6,3.3708,18.75,威新材股份,电子元器件制造,0,21.141,0.217,21,0.0,5.726,-0.9783
600096,2022,154,4,2.5974,14.2857,威新材股份,电子元器件制造,0,20.87,0.227,22,0.138,4.527,-1.259
600096,2023,189,2,1.0582,11.1111,威新材股份,电子元器件制造,0,21.009,0.429,23,0.105,5.814,-1.3231
600099,2019,156,3,1.9231,13.3333,宏装备实业,电子元器件制造,0,21.755,0.335,22,0.09,3.569,-0.3318
600099,2020,209,7,3.3493,21.0526,宏装备实业,电子元器件制造,0,22.015,0.563,23,0.018,5.641,-0.3625
600099,2021,183,6,3.2787,18.75,宏装备实业,电子元器件制造,0,21.86,0.418,24,0.08,3.872,-0.6435
600099,2022,183,4,2.1858,11.7647,宏装备实业,电子元器件制造,0,22.036,0.48,25,0.085,2.966,-0.2098
600099,2023,179,7,3.9106,25.0,宏装备实业,电子元器件制造,0,21.853,0.489,26,0.042,5.148,-0.3108
600102,2019,201,4,1.99,17.6471,泰电子科技,汽车零部件制造,0,22.959,0.585,24,0.111,5.249,-0.52
600102,2020,188,5,2.6596,17.6471,泰电子科技,汽车零部件制造,0,22.934,0.091,25,0.037,4.307,-0.5992
600102,2021,162,5,3.0864,25.0,泰电子科技,汽车零部件制造,0,23.284,0.561,26,0.096,6.215,0.0148
600102,2022,178,7,3.9326,17.6471,泰电子科技,汽车零部件制造,0,23.342,0.395,27,0.02,4.214,-0.0389
600102,2023,186,3,1.6129,11.7647,泰电子科技,汽车零部件制造,0,22.993,0.535,28,0.092,3.836,-0.0123
600105,2019,151,6,3.9735,23.0769,金电子实业,医药制造,0,21.644,0.422,17,-0.004,3.089,0.3557
600105,2020,175,7,4.0,25.0,金电子实业,医药制造,0,21.646,0.256,18,0.064,4.582,-0.0268
600105,2021,195,7,3.5897,27.7778,金电子实业,医药制造,0,21.756,0.68,19,0.014,5.501,-0.0837
600105,2022,197,6,3.0457,17.6471,金电子实业,医药制造,0,21.797,0.462,20,0.086,3.962,-0.2462
600105,2023,191,4,2.0942,22.2222,金电子实业,医药制造,0,22.069,0.308,21,0.081,4.165,0.0735
600108,2019,173,6,3.4682,23.5294,晟医化制造,电子元器件制造,0,23.785,0.53,18,-0.009,6.728,-0.13
600108,2020,168,6,3.5714,26.6667,晟医化制造,电子元器件制造,0,23.719,0.63,19,0.072,7.885,-0.3484
600108,2021,195,4,2.0513,16.6667,晟医化制造,电子元器件制造,0,23.415,0.459,20,0.119,5.455,-0.5566
600108,2022,189,7,3.7037,23.5294,晟医化制造,电子元器件制造,0,23.834,0.475,21,0.03,4.026,-0.056
600108,2023,234,7,2.9915,19.0476,晟医化制造,电子元器件制造,0,23.533,0.39,22,-0.061,6.237,-0.5121
600111,2019,203,4,1.9704,16.6667,宏智控实业,汽车零部件制造,0,21.811,0.622,13,0.035,3.312,-0.0968
600111,2020,197,4,2.0305,16.6667,宏智控实业,汽车零部件制造,0,21.978,0.558,14,0.083,4.591,0.0946
600111,2021,189,7,3.7037,27.7778,宏智控实业,汽车零部件制造,0,22.077,0.523,15,0.074,3.077,0.6583
600111,2022,167,8,4.7904,25.0,宏智控实业,汽车零部件制造,0,22.203,0.319,16,0.084,2.563,0.9902
600111,2023,178,7,3.9326,25.0,宏智控实业,汽车零部件制造,0,21.758,0.369,17,0.049,3.857,0.4201
600114,2019,175,4,2.2857,18.75,天精工股份,专用设备制造,0,20.337,0.35,25,0.12,3.657,-0.2387
600114,2020,165,2,1.2121,12.5,天精工股份,专用设备制造,0,20.144,0.294,26,0.012,4.24,-0.5832
600114,2021,131,4,3.0534,16.6667,天精工股份,专用设备制造,0,20.399,0.373,27,0.12,3.323,-0.4256
600114,2022,146,3,2.0548,15.3846,天精工股份,专用设备制造,0,20.065,0.386,28,0.015,2.685,-0.0162
600114,2023,185,5,2.7027,23.5294,天精工股份,专用设备制造,0,20.141,0.308,29,0.079,0.382,0.6834
600117,2019,184,7,3.8043,23.5294,东电子科技,专用设备制造,0,22.906,0.367,9,-0.03,3.006,0.5227
600117,2020,208,7,3.3654,25.0,东电子科技,专用设备制造,0,23.117,0.338,10,0.028,6.103,0.5189
600117,2021,202,8,3.9604,22.2222,东电子科技,专用设备制造,0,23.081,0.413,11,-0.052,3.283,0.2203
600117,2022,168,4,2.381,20.0,东电子科技,专用设备制造,0,23.383,0.437,12,-0.002,2.6,0.4526
600117,2023,206,6,2.9126,21.0526,东电子科技,专用设备制造,0,23.352,0.494,13,-0.016,3.812,0.3902
600120,2019,224,9,4.0179,25.0,东智造股份,专用设备制造,0,22.726,0.186,9,0.104,5.931,-0.2853
600120,2020,190,7,3.6842,22.2222,东智造股份,专用设备制造,0,22.89,0.506,10,0.092,5.161,0.252
600120,2021,203,9,4.4335,35.0,东智造股份,专用设备制造,0,23.268,0.519,11,0.13,2.831,0.737
600120,2022,163,7,4.2945,26.6667,东智造股份,专用设备制造,0,22.757,0.395,12,0.037,4.803,0.4139
600120,2023,180,4,2.2222,25.0,东智造股份,专用设备制造,0,22.987,0.228,13,0.025,2.804,0.4294
