code,name,year,industry,soe,size,lev,age,roa,rd_intensity,latent_shortterm,source
000001,北动力制造,2019,医药制造,0,21.969,0.356,24,0.097,1.324,1.6966,演示语料（程序化合成，接口见01脚本real模式）
000001,北动力制造,2020,医药制造,0,21.933,0.549,25,-0.019,2.431,1.3131,演示语料（程序化合成，接口见01脚本real模式）
000001,北动力制造,2021,医药制造,0,21.996,0.405,26,-0.041,4.767,0.3144,演示语料（程序化合成，接口见01脚本real模式）
000001,北动力制造,2022,医药制造,0,21.943,0.485,27,0.11,3.54,-0.2811,演示语料（程序化合成，接口见01脚本real模式）
000001,北动力制造,2023,医药制造,0,21.896,0.414,28,0.083,4.447,0.0049,演示语料（程序化合成，接口见01脚本real模式）
300002,北智控实业,2019,专用设备制造,1,20.695,0.475,8,0.076,2.485,-0.0254,演示语料（程序化合成，接口见01脚本real模式）
300002,北智控实业,2020,专用设备制造,1,20.711,0.369,9,0.105,4.028,-0.2906,演示语料（程序化合成，接口见01脚本real模式）
300002,北智控实业,2021,专用设备制造,1,21.063,0.389,10,0.086,4.399,-0.0286,演示语料（程序化合成，接口见01脚本real模式）
300002,北智控实业,2022,专用设备制造,1,21.002,0.186,11,-0.003,4.204,0.0436,演示语料（程序化合成，接口见01脚本real模式）
300002,北智控实业,2023,专用设备制造,1,21.046,0.256,12,0.012,4.785,-0.3718,演示语料（程序化合成，接口见01脚本real模式）
600003,东装备制造,2019,汽车零部件制造,0,21.05,0.373,15,0.079,1.265,0.9433,演示语料（程序化合成，接口见01脚本real模式）
600003,东装备制造,2020,汽车零部件制造,0,20.609,0.284,16,0.035,3.457,0.0952,演示语料（程序化合成，接口见01脚本real模式）
600003,东装备制造,2021,汽车零部件制造,0,20.935,0.431,17,-0.012,3.769,-0.5179,演示语料（程序化合成，接口见01脚本real模式）
600003,东装备制造,2022,汽车零部件制造,0,20.64,0.585,18,0.096,2.975,-0.0864,演示语料（程序化合成，接口见01脚本real模式）
600003,东装备制造,2023,汽车零部件制造,0,21.121,0.324,19,0.069,3.562,-0.0096,演示语料（程序化合成，接口见01脚本real模式）
000004,利装备实业,2019,电子元器件制造,0,21.67,0.05,12,-0.021,3.806,-0.4188,演示语料（程序化合成，接口见01脚本real模式）
000004,利装备实业,2020,电子元器件制造,0,21.918,0.128,13,0.058,6.338,-0.4977,演示语料（程序化合成，接口见01脚本real模式）
000004,利装备实业,2021,电子元器件制造,0,22.143,0.556,14,-0.021,5.535,0.0987,演示语料（程序化合成，接口见01脚本real模式）
000004,利装备实业,2022,电子元器件制造,0,22.236,0.23,15,0.035,3.334,0.3368,演示语料（程序化合成，接口见01脚本real模式）
000004,利装备实业,2023,电子元器件制造,0,21.985,0.238,16,0.005,4.396,0.3221,演示语料（程序化合成，接口见01脚本real模式）
300005,瑞电子股份,2019,汽车零部件制造,0,21.979,0.5,22,0.098,3.17,0.4006,演示语料（程序化合成，接口见01脚本real模式）
300005,瑞电子股份,2020,汽车零部件制造,0,21.765,0.39,23,0.063,2.863,0.6173,演示语料（程序化合成，接口见01脚本real模式）
300005,瑞电子股份,2021,汽车零部件制造,0,21.863,0.449,24,-0.045,4.168,0.0969,演示语料（程序化合成，接口见01脚本real模式）
300005,瑞电子股份,2022,汽车零部件制造,0,21.854,0.333,25,0.045,2.955,0.6387,演示语料（程序化合成，接口见01脚本real模式）
300005,瑞电子股份,2023,汽车零部件制造,0,22.068,0.468,26,0.007,4.356,0.2295,演示语料（程序化合成，接口见01脚本real模式）
600006,瑞新材科技,2019,专用设备制造,0,21.471,0.239,24,0.055,3.749,0.6667,演示语料（程序化合成，接口见01脚本real模式）
600006,瑞新材科技,2020,专用设备制造,0,21.64,0.411,25,0.058,2.241,0.7041,演示语料（程序化合成，接口见01脚本real模式）
600006,瑞新材科技,2021,专用设备制造,0,21.926,0.471,26,0.05,2.853,0.0477,演示语料（程序化合成，接口见01脚本real模式）
600006,瑞新材科技,2022,专用设备制造,0,22.014,0.443,27,0.054,4.512,-0.5234,演示语料（程序化合成，接口见01脚本real模式）
600006,瑞新材科技,2023,专用设备制造,0,21.797,0.463,28,0.002,1.586,0.4806,演示语料（程序化合成，接口见01脚本real模式）
000007,天医化科技,2019,化学原料制造,0,23.791,0.129,9,0.043,5.592,0.0311,演示语料（程序化合成，接口见01脚本real模式）
000007,天医化科技,2020,化学原料制造,0,23.579,0.308,10,0.062,5.672,0.2374,演示语料（程序化合成，接口见01脚本real模式）
000007,天医化科技,2021,化学原料制造,0,23.69,0.397,11,-0.067,4.466,0.2468,演示语料（程序化合成，接口见01脚本real模式）
000007,天医化科技,2022,化学原料制造,0,23.91,0.164,12,-0.02,4.266,0.1132,演示语料（程序化合成，接口见01脚本real模式）
000007,天医化科技,2023,化学原料制造,0,23.699,0.568,13,0.041,2.872,0.4649,演示语料（程序化合成，接口见01脚本real模式）
300008,泰医化科技,2019,医药制造,0,22.207,0.113,22,0.109,4.831,-0.1247,演示语料（程序化合成，接口见01脚本real模式）
300008,泰医化科技,2020,医药制造,0,22.633,0.358,23,0.096,5.87,-0.0615,演示语料（程序化合成，接口见01脚本real模式）
300008,泰医化科技,2021,医药制造,0,22.367,0.392,24,-0.01,5.619,-0.248,演示语料（程序化合成，接口见01脚本real模式）
300008,泰医化科技,2022,医药制造,0,22.601,0.497,25,0.091,2.202,0.4442,演示语料（程序化合成，接口见01脚本real模式）
300008,泰医化科技,2023,医药制造,0,22.521,0.212,26,-0.019,3.763,0.366,演示语料（程序化合成，接口见01脚本real模式）
600009,晟装备制造,2019,专用设备制造,0,21.638,0.379,10,0.047,4.463,-0.567,演示语料（程序化合成，接口见01脚本real模式）
600009,晟装备制造,2020,专用设备制造,0,22.063,0.306,11,0.164,4.31,-0.4833,演示语料（程序化合成，接口见01脚本real模式）
600009,晟装备制造,2021,专用设备制造,0,22.243,0.417,12,0.058,4.559,-0.7418,演示语料（程序化合成，接口见01脚本real模式）
600009,晟装备制造,2022,专用设备制造,0,22.389,0.571,13,0.016,5.278,-0.8119,演示语料（程序化合成，接口见01脚本real模式）
600009,晟装备制造,2023,专用设备制造,0,22.238,0.592,14,0.027,4.324,-0.3041,演示语料（程序化合成，接口见01脚本real模式）
000010,利医化股份,2019,化学原料制造,0,23.438,0.2,21,0.082,5.884,0.1796,演示语料（程序化合成，接口见01脚本real模式）
000010,利医化股份,2020,化学原料制造,0,23.521,0.176,22,0.019,5.029,0.4679,演示语料（程序化合成，接口见01脚本real模式）
000010,利医化股份,2021,化学原料制造,0,23.384,0.394,23,0.018,4.501,0.318,演示语料（程序化合成，接口见01脚本real模式）
000010,利医化股份,2022,化学原料制造,0,23.523,0.413,24,-0.007,5.49,-0.149,演示语料（程序化合成，接口见01脚本real模式）
000010,利医化股份,2023,化学原料制造,0,23.56,0.58,25,0.031,4.095,0.1747,演示语料（程序化合成，接口见01脚本real模式）
300011,康新材实业,2019,化学原料制造,1,20.829,0.338,25,0.059,5.617,-0.903,演示语料（程序化合成，接口见01脚本real模式）
300011,康新材实业,2020,化学原料制造,1,21.23,0.409,26,-0.003,4.111,-0.5478,演示语料（程序化合成，接口见01脚本real模式）
300011,康新材实业,2021,化学原料制造,1,21.185,0.579,27,0.059,4.704,-0.4968,演示语料（程序化合成，接口见01脚本real模式）
300011,康新材实业,2022,化学原料制造,1,21.178,0.661,28,0.12,5.462,0.021,演示语料（程序化合成，接口见01脚本real模式）
300011,康新材实业,2023,化学原料制造,1,21.238,0.619,29,0.065,3.684,-0.0604,演示语料（程序化合成，接口见01脚本real模式）
600012,北电子实业,2019,专用设备制造,0,23.406,0.451,21,0.01,6.27,-1.2349,演示语料（程序化合成，接口见01脚本real模式）
600012,北电子实业,2020,专用设备制造,0,23.218,0.531,22,0.052,5.992,-0.9725,演示语料（程序化合成，接口见01脚本real模式）
600012,北电子实业,2021,专用设备制造,0,23.395,0.422,23,0.029,4.903,-0.4996,演示语料（程序化合成，接口见01脚本real模式）
600012,北电子实业,2022,专用设备制造,0,23.107,0.298,24,0.076,4.664,-0.3161,演示语料（程序化合成，接口见01脚本real模式）
600012,北电子实业,2023,专用设备制造,0,23.328,0.431,25,0.046,4.675,-0.0773,演示语料（程序化合成，接口见01脚本real模式）
000013,宏装备制造,2019,专用设备制造,1,22.809,0.435,14,-0.073,2.915,1.5015,演示语料（程序化合成，接口见01脚本real模式）
000013,宏装备制造,2020,专用设备制造,1,23.015,0.176,15,0.023,1.812,1.5972,演示语料（程序化合成，接口见01脚本real模式）
000013,宏装备制造,2021,专用设备制造,1,23.025,0.489,16,-0.002,2.46,1.0227,演示语料（程序化合成，接口见01脚本real模式）
000013,宏装备制造,2022,专用设备制造,1,23.542,0.349,17,-0.027,3.122,0.8999,演示语料（程序化合成，接口见01脚本real模式）
000013,宏装备制造,2023,专用设备制造,1,23.048,0.496,18,0.034,2.396,0.7066,演示语料（程序化合成，接口见01脚本real模式）
300014,北智控科技,2019,汽车零部件制造,0,21.195,0.503,10,0.023,4.195,-0.8951,演示语料（程序化合成，接口见01脚本real模式）
300014,北智控科技,2020,汽车零部件制造,0,21.304,0.365,11,0.083,4.132,0.106,演示语料（程序化合成，接口见01脚本real模式）
300014,北智控科技,2021,汽车零部件制造,0,21.482,0.449,12,0.063,3.866,-0.3394,演示语料（程序化合成，接口见01脚本real模式）
300014,北智控科技,2022,汽车零部件制造,0,21.61,0.479,13,0.006,2.75,-0.2351,演示语料（程序化合成，接口见01脚本real模式）
300014,北智控科技,2023,汽车零部件制造,0,21.614,0.618,14,-0.013,3.529,-0.1615,演示语料（程序化合成，接口见01脚本real模式）
600015,天光电实业,2019,电子元器件制造,0,21.742,0.171,15,-0.075,4.897,-0.3092,演示语料（程序化合成，接口见01脚本real模式）
600015,天光电实业,2020,电子元器件制造,0,21.73,0.389,16,-0.005,3.817,-0.0251,演示语料（程序化合成，接口见01脚本real模式）
600015,天光电实业,2021,电子元器件制造,0,21.812,0.537,17,-0.06,3.087,0.1986,演示语料（程序化合成，接口见01脚本real模式）
600015,天光电实业,2022,电子元器件制造,0,21.774,0.404,18,0.081,5.227,-0.3251,演示语料（程序化合成，接口见01脚本real模式）
600015,天光电实业,2023,电子元器件制造,0,21.704,0.387,19,0.097,4.484,-0.2153,演示语料（程序化合成，接口见01脚本real模式）
000016,瑞精工实业,2019,汽车零部件制造,0,22.783,0.329,21,0.077,4.075,0.0092,演示语料（程序化合成，接口见01脚本real模式）
000016,瑞精工实业,2020,汽车零部件制造,0,22.789,0.488,22,0.127,4.71,-0.3616,演示语料（程序化合成，接口见01脚本real模式）
000016,瑞精工实业,2021,汽车零部件制造,0,22.914,0.448,23,-0.009,5.029,-0.6338,演示语料（程序化合成，接口见01脚本real模式）
000016,瑞精工实业,2022,汽车零部件制造,0,22.699,0.506,24,0.065,6.068,-0.8436,演示语料（程序化合成，接口见01脚本real模式）
000016,瑞精工实业,2023,汽车零部件制造,0,23.066,0.246,25,0.001,4.066,-0.7296,演示语料（程序化合成，接口见01脚本real模式）
300017,恒光电股份,2019,化学原料制造,0,20.905,0.418,9,0.098,3.236,0.3819,演示语料（程序化合成，接口见01脚本real模式）
300017,恒光电股份,2020,化学原料制造,0,20.73,0.406,10,0.053,4.751,0.0343,演示语料（程序化合成，接口见01脚本real模式）
300017,恒光电股份,2021,化学原料制造,0,20.686,0.425,11,0.116,1.718,0.3799,演示语料（程序化合成，接口见01脚本real模式）
300017,恒光电股份,2022,化学原料制造,0,20.669,0.488,12,0.113,2.665,0.3365,演示语料（程序化合成，接口见01脚本real模式）
300017,恒光电股份,2023,化学原料制造,0,20.656,0.512,13,-0.048,3.401,0.5694,演示语料（程序化合成，接口见01脚本real模式）
600018,宏智造实业,2019,化学原料制造,0,22.579,0.514,23,0.082,6.429,0.1718,演示语料（程序化合成，接口见01脚本real模式）
600018,宏智造实业,2020,化学原料制造,0,22.597,0.464,24,0.007,4.334,-0.3514,演示语料（程序化合成，接口见01脚本real模式）
600018,宏智造实业,2021,化学原料制造,0,22.348,0.274,25,0.066,6.145,-0.2517,演示语料（程序化合成，接口见01脚本real模式）
600018,宏智造实业,2022,化学原料制造,0,22.751,0.449,26,0.074,3.505,0.0028,演示语料（程序化合成，接口见01脚本real模式）
600018,宏智造实业,2023,化学原料制造,0,22.589,0.538,27,0.067,3.423,0.1764,演示语料（程序化合成，接口见01脚本real模式）
000019,宏电子股份,2019,化学原料制造,1,23.176,0.314,9,-0.022,4.304,-0.0336,演示语料（程序化合成，接口见01脚本real模式）
000019,宏电子股份,2020,化学原料制造,1,22.944,0.361,10,0.003,4.995,-0.245,演示语料（程序化合成，接口见01脚本real模式）
000019,宏电子股份,2021,化学原料制造,1,23.033,0.47,11,0.092,4.642,-0.4773,演示语料（程序化合成，接口见01脚本real模式）
000019,宏电子股份,2022,化学原料制造,1,22.945,0.433,12,0.048,4.494,0.2208,演示语料（程序化合成，接口见01脚本real模式）
000019,宏电子股份,2023,化学原料制造,1,23.247,0.633,13,0.008,6.192,-0.3187,演示语料（程序化合成，接口见01脚本real模式）
300020,恒精工股份,2019,医药制造,0,23.026,0.514,21,-0.008,7.205,-0.3422,演示语料（程序化合成，接口见01脚本real模式）
300020,恒精工股份,2020,医药制造,0,23.432,0.439,22,0.051,4.948,-0.2627,演示语料（程序化合成，接口见01脚本real模式）
300020,恒精工股份,2021,医药制造,0,23.571,0.186,23,0.043,4.53,0.2884,演示语料（程序化合成，接口见01脚本real模式）
300020,恒精工股份,2022,医药制造,0,23.328,0.504,24,0.068,8.081,-0.5984,演示语料（程序化合成，接口见01脚本real模式）
300020,恒精工股份,2023,医药制造,0,23.428,0.357,25,0.033,5.362,-0.2743,演示语料（程序化合成，接口见01脚本real模式）
600021,晟动力科技,2019,专用设备制造,0,21.139,0.511,24,0.068,3.991,-1.0446,演示语料（程序化合成，接口见01脚本real模式）
600021,晟动力科技,2020,专用设备制造,0,21.455,0.329,25,0.063,6.25,-1.0419,演示语料（程序化合成，接口见01脚本real模式）
600021,晟动力科技,2021,专用设备制造,0,21.257,0.369,26,0.049,4.945,-0.6428,演示语料（程序化合成，接口见01脚本real模式）
600021,晟动力科技,2022,专用设备制造,0,21.014,0.366,27,0.087,4.671,-0.5203,演示语料（程序化合成，接口见01脚本real模式）
600021,晟动力科技,2023,专用设备制造,0,21.638,0.477,28,0.096,4.259,-0.1097,演示语料（程序化合成，接口见01脚本real模式）
000022,威新材制造,2019,汽车零部件制造,0,23.037,0.493,15,0.028,3.196,0.3855,演示语料（程序化合成，接口见01脚本real模式）
000022,威新材制造,2020,汽车零部件制造,0,22.829,0.242,16,0.068,4.703,0.2785,演示语料（程序化合成，接口见01脚本real模式）
000022,威新材制造,2021,汽车零部件制造,0,22.606,0.484,17,0.014,4.247,0.1101,演示语料（程序化合成，接口见01脚本real模式）
000022,威新材制造,2022,汽车零部件制造,0,23.05,0.257,18,0.073,5.577,0.346,演示语料（程序化合成，接口见01脚本real模式）
000022,威新材制造,2023,汽车零部件制造,0,22.836,0.389,19,-0.083,3.315,0.1224,演示语料（程序化合成，接口见01脚本real模式）
300023,中新材科技,2019,电子元器件制造,0,22.186,0.597,7,0.12,6.553,-0.4138,演示语料（程序化合成，接口见01脚本real模式）
300023,中新材科技,2020,电子元器件制造,0,21.848,0.545,8,0.069,3.822,0.2288,演示语料（程序化合成，接口见01脚本real模式）
300023,中新材科技,2021,电子元器件制造,0,22.031,0.219,9,0.04,3.964,0.0852,演示语料（程序化合成，接口见01脚本real模式）
300023,中新材科技,2022,电子元器件制造,0,21.894,0.316,10,0.059,4.965,-0.2921,演示语料（程序化合成，接口见01脚本real模式）
300023,中新材科技,2023,电子元器件制造,0,22.028,0.237,11,-0.018,4.264,-0.301,演示语料（程序化合成，接口见01脚本real模式）
600024,威医化制造,2019,医药制造,0,23.534,0.6,11,0.085,5.12,0.1771,演示语料（程序化合成，接口见01脚本real模式）
600024,威医化制造,2020,医药制造,0,23.841,0.345,12,-0.052,5.055,0.1524,演示语料（程序化合成，接口见01脚本real模式）
600024,威医化制造,2021,医药制造,0,23.778,0.477,13,0.073,6.13,0.3176,演示语料（程序化合成，接口见01脚本real模式）
600024,威医化制造,2022,医药制造,0,24.082,0.09,14,0.012,4.455,0.1486,演示语料（程序化合成，接口见01脚本real模式）
600024,威医化制造,2023,医药制造,0,23.926,0.217,15,0.093,5.292,0.125,演示语料（程序化合成，接口见01脚本real模式）
000025,晟医化股份,2019,电子元器件制造,1,21.05,0.392,6,0.065,5.572,-0.7745,演示语料（程序化合成，接口见01脚本real模式）
000025,晟医化股份,2020,电子元器件制造,1,21.306,0.291,7,0.105,4.537,-0.5887,演示语料（程序化合成，接口见01脚本real模式）
000025,晟医化股份,2021,电子元器件制造,1,21.384,0.688,8,0.015,2.601,0.0128,演示语料（程序化合成，接口见01脚本real模式）
000025,晟医化股份,2022,电子元器件制造,1,21.4,0.428,9,-0.048,4.373,-0.1752,演示语料（程序化合成，接口见01脚本real模式）
000025,晟医化股份,2023,电子元器件制造,1,21.506,0.425,10,0.011,2.102,0.0669,演示语料（程序化合成，接口见01脚本real模式）
300026,天电子科技,2019,化学原料制造,0,21.324,0.568,25,-0.036,4.958,-0.1136,演示语料（程序化合成，接口见01脚本real模式）
300026,天电子科技,2020,化学原料制造,0,21.71,0.297,26,0.025,4.072,0.2107,演示语料（程序化合成，接口见01脚本real模式）
300026,天电子科技,2021,化学原料制造,0,21.429,0.629,27,-0.019,4.859,-0.2184,演示语料（程序化合成，接口见01脚本real模式）
300026,天电子科技,2022,化学原料制造,0,21.903,0.715,28,0.054,4.068,-0.1242,演示语料（程序化合成，接口见01脚本real模式）
300026,天电子科技,2023,化学原料制造,0,21.951,0.266,29,-0.026,2.34,-0.0452,演示语料（程序化合成，接口见01脚本real模式）
600027,北医化实业,2019,电子元器件制造,1,23.723,0.321,6,0.112,5.11,-0.7689,演示语料（程序化合成，接口见01脚本real模式）
600027,北医化实业,2020,电子元器件制造,1,24.076,0.097,7,0.055,6.871,-0.9726,演示语料（程序化合成，接口见01脚本real模式）
600027,北医化实业,2021,电子元器件制造,1,24.068,0.465,8,0.106,5.603,-0.2184,演示语料（程序化合成，接口见01脚本real模式）
600027,北医化实业,2022,电子元器件制造,1,24.107,0.384,9,-0.045,7.005,-0.3395,演示语料（程序化合成，接口见01脚本real模式）
600027,北医化实业,2023,电子元器件制造,1,24.302,0.464,10,0.126,6.834,-0.3895,演示语料（程序化合成，接口见01脚本real模式）
000028,东医化股份,2019,医药制造,0,23.021,0.46,18,0.001,5.36,-0.1729,演示语料（程序化合成，接口见01脚本real模式）
000028,东医化股份,2020,医药制造,0,23.255,0.388,19,-0.036,4.912,-0.4776,演示语料（程序化合成，接口见01脚本real模式）
000028,东医化股份,2021,医药制造,0,23.205,0.448,20,0.075,5.253,0.0017,演示语料（程序化合成，接口见01脚本real模式）
000028,东医化股份,2022,医药制造,0,23.427,0.264,21,0.056,4.37,-0.5433,演示语料（程序化合成，接口见01脚本real模式）
000028,东医化股份,2023,医药制造,0,23.175,0.441,22,-0.022,5.942,-0.4262,演示语料（程序化合成，接口见01脚本real模式）
300029,恒智造实业,2019,电子元器件制造,1,23.358,0.381,19,-0.036,6.142,-1.0732,演示语料（程序化合成，接口见01脚本real模式）
300029,恒智造实业,2020,电子元器件制造,1,23.589,0.432,20,-0.01,4.226,-0.7889,演示语料（程序化合成，接口见01脚本real模式）
300029,恒智造实业,2021,电子元器件制造,1,23.629,0.28,21,0.029,5.423,-0.9691,演示语料（程序化合成，接口见01脚本real模式）
300029,恒智造实业,2022,电子元器件制造,1,23.351,0.508,22,0.044,4.264,-0.6326,演示语料（程序化合成，接口见01脚本real模式）
300029,恒智造实业,2023,电子元器件制造,1,23.79,0.478,23,0.004,3.891,-0.089,演示语料（程序化合成，接口见01脚本real模式）
600030,北环科制造,2019,电子元器件制造,0,22.204,0.335,10,0.072,1.466,0.5909,演示语料（程序化合成，接口见01脚本real模式）
600030,北环科制造,2020,电子元器件制造,0,22.351,0.675,11,0.119,2.413,0.6328,演示语料（程序化合成，接口见01脚本real模式）
600030,北环科制造,2021,电子元器件制造,0,22.607,0.628,12,0.038,3.31,0.6842,演示语料（程序化合成，接口见01脚本real模式）
600030,北环科制造,2022,电子元器件制造,0,22.638,0.4,13,0.045,5.125,0.7071,演示语料（程序化合成，接口见01脚本real模式）
600030,北环科制造,2023,电子元器件制造,0,22.76,0.316,14,-0.041,3.821,0.4188,演示语料（程序化合成，接口见01脚本real模式）
000031,中新材股份,2019,电子元器件制造,0,22.858,0.592,24,0.051,7.908,-2.1885,演示语料（程序化合成，接口见01脚本real模式）
000031,中新材股份,2020,电子元器件制造,0,23.004,0.457,25,-0.091,7.067,-1.3969,演示语料（程序化合成，接口见01脚本real模式）
000031,中新材股份,2021,电子元器件制造,0,22.763,0.2,26,0.006,4.55,-0.4711,演示语料（程序化合成，接口见01脚本real模式）
000031,中新材股份,2022,电子元器件制造,0,23.104,0.432,27,0.138,5.235,0.1009,演示语料（程序化合成，接口见01脚本real模式）
000031,中新材股份,2023,电子元器件制造,0,22.688,0.538,28,0.098,2.675,0.1588,演示语料（程序化合成，接口见01脚本real模式）
300032,利智造科技,2019,化学原料制造,0,22.011,0.351,14,0.018,5.114,0.4192,演示语料（程序化合成，接口见01脚本real模式）
300032,利智造科技,2020,化学原料制造,0,22.15,0.637,15,0.069,2.374,0.4142,演示语料（程序化合成，接口见01脚本real模式）
300032,利智造科技,2021,化学原料制造,0,22.049,0.379,16,-0.013,3.799,0.654,演示语料（程序化合成，接口见01脚本real模式）
300032,利智造科技,2022,化学原料制造,0,22.232,0.265,17,-0.057,1.481,0.9977,演示语料（程序化合成，接口见01脚本real模式）
300032,利智造科技,2023,化学原料制造,0,22.184,0.398,18,0.102,5.144,0.4498,演示语料（程序化合成，接口见01脚本real模式）
600033,华新材实业,2019,电子元器件制造,1,22.825,0.506,13,-0.033,5.028,-0.5248,演示语料（程序化合成，接口见01脚本real模式）
600033,华新材实业,2020,电子元器件制造,1,22.833,0.479,14,0.141,3.995,-0.017,演示语料（程序化合成，接口见01脚本real模式）
600033,华新材实业,2021,电子元器件制造,1,22.628,0.442,15,-0.019,3.87,0.3295,演示语料（程序化合成，接口见01脚本real模式）
600033,华新材实业,2022,电子元器件制造,1,22.626,0.747,16,0.026,5.443,-0.562,演示语料（程序化合成，接口见01脚本real模式）
600033,华新材实业,2023,电子元器件制造,1,22.76,0.426,17,-0.017,5.086,-0.4561,演示语料（程序化合成，接口见01脚本real模式）
000034,利环科科技,2019,化学原料制造,0,21.877,0.219,19,-0.024,2.492,1.0839,演示语料（程序化合成，接口见01脚本real模式）
000034,利环科科技,2020,化学原料制造,0,22.188,0.396,20,-0.0,3.176,0.4189,演示语料（程序化合成，接口见01脚本real模式）
000034,利环科科技,2021,化学原料制造,0,22.254,0.471,21,0.008,2.779,0.1139,演示语料（程序化合成，接口见01脚本real模式）
000034,利环科科技,2022,化学原料制造,0,22.445,0.638,22,0.101,5.239,-0.423,演示语料（程序化合成，接口见01脚本real模式）
000034,利环科科技,2023,化学原料制造,0,22.303,0.471,23,0.135,4.665,-0.9814,演示语料（程序化合成，接口见01脚本real模式）
300035,北动力制造,2019,电子元器件制造,0,22.389,0.346,9,0.035,5.458,-0.9858,演示语料（程序化合成，接口见01脚本real模式）
300035,北动力制造,2020,电子元器件制造,0,22.324,0.453,10,0.099,4.157,-0.5122,演示语料（程序化合成，接口见01脚本real模式）
300035,北动力制造,2021,电子元器件制造,0,22.278,0.489,11,0.023,4.465,-0.1733,演示语料（程序化合成，接口见01脚本real模式）
300035,北动力制造,2022,电子元器件制造,0,22.474,0.397,12,0.031,4.541,-0.2524,演示语料（程序化合成，接口见01脚本real模式）
300035,北动力制造,2023,电子元器件制造,0,22.574,0.208,13,-0.025,4.646,-0.5691,演示语料（程序化合成，接口见01脚本real模式）
600036,威动力科技,2019,汽车零部件制造,0,21.646,0.329,24,0.1,5.34,0.1535,演示语料（程序化合成，接口见01脚本real模式）
600036,威动力科技,2020,汽车零部件制造,0,22.155,0.42,25,0.131,4.22,-0.2738,演示语料（程序化合成，接口见01脚本real模式）
600036,威动力科技,2021,汽车零部件制造,0,21.842,0.315,26,0.088,5.245,-0.3994,演示语料（程序化合成，接口见01脚本real模式）
600036,威动力科技,2022,汽车零部件制造,0,21.977,0.621,27,0.021,5.009,-0.5449,演示语料（程序化合成，接口见01脚本real模式）
600036,威动力科技,2023,汽车零部件制造,0,22.3,0.342,28,-0.034,3.518,0.1801,演示语料（程序化合成，接口见01脚本real模式）
000037,康光电股份,2019,化学原料制造,0,23.895,0.227,14,0.078,6.505,-0.5855,演示语料（程序化合成，接口见01脚本real模式）
000037,康光电股份,2020,化学原料制造,0,23.814,0.493,15,0.054,5.728,-0.6859,演示语料（程序化合成，接口见01脚本real模式）
000037,康光电股份,2021,化学原料制造,0,23.845,0.602,16,0.051,6.417,-0.9132,演示语料（程序化合成，接口见01脚本real模式）
000037,康光电股份,2022,化学原料制造,0,23.773,0.394,17,-0.019,5.389,-0.3313,演示语料（程序化合成，接口见01脚本real模式）
000037,康光电股份,2023,化学原料制造,0,23.992,0.239,18,-0.007,6.382,-0.0651,演示语料（程序化合成，接口见01脚本real模式）
300038,中电子制造,2019,电子元器件制造,1,21.131,0.474,25,0.004,4.774,-0.5021,演示语料（程序化合成，接口见01脚本real模式）
300038,中电子制造,2020,电子元器件制造,1,21.165,0.444,26,0.054,3.134,0.4867,演示语料（程序化合成，接口见01脚本real模式）
300038,中电子制造,2021,电子元器件制造,1,21.256,0.348,27,0.117,3.601,-0.1755,演示语料（程序化合成，接口见01脚本real模式）
300038,中电子制造,2022,电子元器件制造,1,21.294,0.607,28,-0.005,3.976,-0.4298,演示语料（程序化合成，接口见01脚本real模式）
300038,中电子制造,2023,电子元器件制造,1,21.481,0.355,29,0.029,4.633,-0.3101,演示语料（程序化合成，接口见01脚本real模式）
600039,金动力制造,2019,医药制造,0,21.625,0.517,11,0.06,3.506,0.8728,演示语料（程序化合成，接口见01脚本real模式）
600039,金动力制造,2020,医药制造,0,21.503,0.214,12,-0.021,3.414,0.3653,演示语料（程序化合成，接口见01脚本real模式）
600039,金动力制造,2021,医药制造,0,21.631,0.179,13,0.109,4.037,-0.481,演示语料（程序化合成，接口见01脚本real模式）
600039,金动力制造,2022,医药制造,0,21.867,0.286,14,0.026,5.784,-0.5899,演示语料（程序化合成，接口见01脚本real模式）
600039,金动力制造,2023,医药制造,0,21.996,0.353,15,-0.109,4.683,-0.289,演示语料（程序化合成，接口见01脚本real模式）
000040,中智控实业,2019,化学原料制造,0,20.977,0.4,24,0.044,2.702,0.7962,演示语料（程序化合成，接口见01脚本real模式）
000040,中智控实业,2020,化学原料制造,0,21.004,0.548,25,0.025,3.749,0.5791,演示语料（程序化合成，接口见01脚本real模式）
000040,中智控实业,2021,化学原料制造,0,20.932,0.604,26,0.029,2.931,0.662,演示语料（程序化合成，接口见01脚本real模式）
000040,中智控实业,2022,化学原料制造,0,21.209,0.686,27,0.108,2.582,0.7215,演示语料（程序化合成，接口见01脚本real模式）
000040,中智控实业,2023,化学原料制造,0,20.904,0.258,28,-0.006,1.368,0.5688,演示语料（程序化合成，接口见01脚本real模式）
300041,东电子实业,2019,医药制造,0,22.307,0.506,8,0.062,2.43,0.5225,演示语料（程序化合成，接口见01脚本real模式）
300041,东电子实业,2020,医药制造,0,22.321,0.404,9,0.139,3.738,0.1465,演示语料（程序化合成，接口见01脚本real模式）
300041,东电子实业,2021,医药制造,0,22.278,0.455,10,0.055,5.167,0.3372,演示语料（程序化合成，接口见01脚本real模式）
300041,东电子实业,2022,医药制造,0,22.398,0.456,11,-0.012,4.106,0.3926,演示语料（程序化合成，接口见01脚本real模式）
300041,东电子实业,2023,医药制造,0,22.496,0.469,12,0.023,3.778,0.1593,演示语料（程序化合成，接口见01脚本real模式）
600042,宏精工科技,2019,化学原料制造,0,20.508,0.237,15,0.06,1.564,0.8634,演示语料（程序化合成，接口见01脚本real模式）
600042,宏精工科技,2020,化学原料制造,0,20.406,0.307,16,0.063,2.543,0.3735,演示语料（程序化合成，接口见01脚本real模式）
600042,宏精工科技,2021,化学原料制造,0,20.341,0.597,17,-0.005,2.777,0.0977,演示语料（程序化合成，接口见01脚本real模式）
600042,宏精工科技,2022,化学原料制造,0,20.391,0.358,18,0.118,3.441,0.0458,演示语料（程序化合成，接口见01脚本real模式）
600042,宏精工科技,2023,化学原料制造,0,20.392,0.549,19,0.039,3.634,-0.123,演示语料（程序化合成，接口见01脚本real模式）
000043,北智控科技,2019,汽车零部件制造,0,21.328,0.6,8,0.037,5.754,-0.8839,演示语料（程序化合成，接口见01脚本real模式）
000043,北智控科技,2020,汽车零部件制造,0,21.61,0.742,9,0.112,5.057,-0.7944,演示语料（程序化合成，接口见01脚本real模式）
000043,北智控科技,2021,汽车零部件制造,0,21.156,0.512,10,0.052,4.208,-0.5016,演示语料（程序化合成，接口见01脚本real模式）
000043,北智控科技,2022,汽车零部件制造,0,21.429,0.353,11,0.053,4.224,-0.0668,演示语料（程序化合成，接口见01脚本real模式）
000043,北智控科技,2023,汽车零部件制造,0,21.608,0.241,12,-0.009,4.4,-0.1251,演示语料（程序化合成，接口见01脚本real模式）
300044,华新材股份,2019,汽车零部件制造,0,19.931,0.192,16,0.065,3.42,-0.3576,演示语料（程序化合成，接口见01脚本real模式）
300044,华新材股份,2020,汽车零部件制造,0,19.785,0.229,17,0.037,3.117,-0.1397,演示语料（程序化合成，接口见01脚本real模式）
300044,华新材股份,2021,汽车零部件制造,0,20.023,0.05,18,0.119,4.02,-0.4403,演示语料（程序化合成，接口见01脚本real模式）
300044,华新材股份,2022,汽车零部件制造,0,20.251,0.379,19,-0.012,3.049,-0.4277,演示语料（程序化合成，接口见01脚本real模式）
300044,华新材股份,2023,汽车零部件制造,0,20.279,0.481,20,0.016,4.14,-0.3441,演示语料（程序化合成，接口见01脚本real模式）
600045,瑞环科制造,2019,医药制造,0,22.566,0.429,10,-0.027,3.819,0.9405,演示语料（程序化合成，接口见01脚本real模式）
600045,瑞环科制造,2020,医药制造,0,22.322,0.207,11,0.023,4.087,0.2074,演示语料（程序化合成，接口见01脚本real模式）
600045,瑞环科制造,2021,医药制造,0,22.635,0.524,12,0.089,4.899,-0.3504,演示语料（程序化合成，接口见01脚本real模式）
600045,瑞环科制造,2022,医药制造,0,22.457,0.462,13,0.014,4.215,-0.0799,演示语料（程序化合成，接口见01脚本real模式）
600045,瑞环科制造,2023,医药制造,0,22.626,0.318,14,0.117,4.735,0.2462,演示语料（程序化合成，接口见01脚本real模式）
000046,瑞新材股份,2019,电子元器件制造,0,20.546,0.531,22,-0.013,4.029,-0.3234,演示语料（程序化合成，接口见01脚本real模式）
000046,瑞新材股份,2020,电子元器件制造,0,20.295,0.356,23,0.015,2.573,0.1884,演示语料（程序化合成，接口见01脚本real模式）
000046,瑞新材股份,2021,电子元器件制造,0,20.78,0.665,24,0.01,3.929,0.364,演示语料（程序化合成，接口见01脚本real模式）
000046,瑞新材股份,2022,电子元器件制造,0,20.853,0.367,25,0.077,3.421,0.3531,演示语料（程序化合成，接口见01脚本real模式）
000046,瑞新材股份,2023,电子元器件制造,0,20.544,0.596,26,-0.012,1.876,0.5467,演示语料（程序化合成，接口见01脚本real模式）
300047,天精工实业,2019,医药制造,0,18.935,0.355,25,-0.044,6.506,-1.357,演示语料（程序化合成，接口见01脚本real模式）
300047,天精工实业,2020,医药制造,0,19.084,0.466,26,-0.041,4.099,-1.0355,演示语料（程序化合成，接口见01脚本real模式）
300047,天精工实业,2021,医药制造,0,19.088,0.403,27,0.06,2.788,-0.5506,演示语料（程序化合成，接口见01脚本real模式）
300047,天精工实业,2022,医药制造,0,19.449,0.38,28,0.187,1.876,-0.8197,演示语料（程序化合成，接口见01脚本real模式）
300047,天精工实业,2023,医药制造,0,19.285,0.365,29,-0.094,4.713,-0.4685,演示语料（程序化合成，接口见01脚本real模式）
600048,中智控股份,2019,专用设备制造,0,21.499,0.298,18,0.135,4.022,-0.2621,演示语料（程序化合成，接口见01脚本real模式）
600048,中智控股份,2020,专用设备制造,0,21.476,0.559,19,0.061,3.484,-0.1435,演示语料（程序化合成，接口见01脚本real模式）
600048,中智控股份,2021,专用设备制造,0,21.66,0.518,20,-0.008,4.294,0.0734,演示语料（程序化合成，接口见01脚本real模式）
600048,中智控股份,2022,专用设备制造,0,21.927,0.383,21,0.066,5.465,-0.3592,演示语料（程序化合成，接口见01脚本real模式）
600048,中智控股份,2023,专用设备制造,0,21.794,0.382,22,-0.0,5.037,-0.3525,演示语料（程序化合成，接口见01脚本real模式）
000049,南智造股份,2019,汽车零部件制造,1,22.136,0.535,17,0.039,2.24,0.9778,演示语料（程序化合成，接口见01脚本real模式）
000049,南智造股份,2020,汽车零部件制造,1,22.466,0.39,18,-0.011,2.799,0.6543,演示语料（程序化合成，接口见01脚本real模式）
000049,南智造股份,2021,汽车零部件制造,1,22.433,0.233,19,0.146,5.089,-0.0851,演示语料（程序化合成，接口见01脚本real模式）
000049,南智造股份,2022,汽车零部件制造,1,22.574,0.382,20,0.017,4.462,0.3394,演示语料（程序化合成，接口见01脚本real模式）
000049,南智造股份,2023,汽车零部件制造,1,22.427,0.157,21,0.058,4.555,-0.0116,演示语料（程序化合成，接口见01脚本real模式）
300050,华智造科技,2019,医药制造,0,21.595,0.391,6,0.11,3.824,-0.3528,演示语料（程序化合成，接口见01脚本real模式）
300050,华智造科技,2020,医药制造,0,21.523,0.391,7,0.023,4.389,-0.202,演示语料（程序化合成，接口见01脚本real模式）
300050,华智造科技,2021,医药制造,0,21.866,0.337,8,0.073,5.061,0.4543,演示语料（程序化合成，接口见01脚本real模式）
300050,华智造科技,2022,医药制造,0,21.813,0.493,9,0.144,3.688,0.117,演示语料（程序化合成，接口见01脚本real模式）
300050,华智造科技,2023,医药制造,0,21.72,0.247,10,0.047,5.051,0.3216,演示语料（程序化合成，接口见01脚本real模式）
600051,泰精工制造,2019,电子元器件制造,1,21.511,0.586,6,0.012,3.262,0.3048,演示语料（程序化合成，接口见01脚本real模式）
600051,泰精工制造,2020,电子元器件制造,1,21.594,0.302,7,0.115,3.995,-0.0108,演示语料（程序化合成，接口见01脚本real模式）
600051,泰精工制造,2021,电子元器件制造,1,21.749,0.281,8,0.041,3.043,-0.0505,演示语料（程序化合成，接口见01脚本real模式）
600051,泰精工制造,2022,电子元器件制造,1,21.602,0.455,9,-0.032,3.516,-0.1218,演示语料（程序化合成，接口见01脚本real模式）
600051,泰精工制造,2023,电子元器件制造,1,21.429,0.39,10,0.024,2.793,-0.1933,演示语料（程序化合成，接口见01脚本real模式）
000052,瑞智造制造,2019,化学原料制造,0,20.746,0.291,19,-0.015,3.603,0.1249,演示语料（程序化合成，接口见01脚本real模式）
000052,瑞智造制造,2020,化学原料制造,0,20.679,0.411,20,0.018,4.959,-0.1531,演示语料（程序化合成，接口见01脚本real模式）
000052,瑞智造制造,2021,化学原料制造,0,20.549,0.451,21,0.02,3.763,-0.2275,演示语料（程序化合成，接口见01脚本real模式）
000052,瑞智造制造,2022,化学原料制造,0,20.784,0.58,22,0.102,5.21,-0.1268,演示语料（程序化合成，接口见01脚本real模式）
000052,瑞智造制造,2023,化学原料制造,0,20.793,0.344,23,0.064,4.27,-0.2027,演示语料（程序化合成，接口见01脚本real模式）
300053,康新材制造,2019,专用设备制造,0,22.489,0.63,9,0.052,4.753,0.6763,演示语料（程序化合成，接口见01脚本real模式）
300053,康新材制造,2020,专用设备制造,0,22.336,0.471,10,0.03,4.99,0.5082,演示语料（程序化合成，接口见01脚本real模式）
300053,康新材制造,2021,专用设备制造,0,22.879,0.479,11,-0.04,5.963,0.2542,演示语料（程序化合成，接口见01脚本real模式）
300053,康新材制造,2022,专用设备制造,0,22.642,0.655,12,-0.016,4.141,-0.3089,演示语料（程序化合成，接口见01脚本real模式）
300053,康新材制造,2023,专用设备制造,0,22.901,0.47,13,0.042,6.66,-0.4476,演示语料（程序化合成，接口见01脚本real模式）
600054,恒精工股份,2019,专用设备制造,0,21.433,0.445,25,0.026,2.014,0.2685,演示语料（程序化合成，接口见01脚本real模式）
600054,恒精工股份,2020,专用设备制造,0,21.461,0.597,26,0.063,4.376,-0.3828,演示语料（程序化合成，接口见01脚本real模式）
600054,恒精工股份,2021,专用设备制造,0,21.389,0.544,27,0.036,4.395,-0.2294,演示语料（程序化合成，接口见01脚本real模式）
600054,恒精工股份,2022,专用设备制造,0,21.552,0.569,28,0.044,5.151,0.0344,演示语料（程序化合成，接口见01脚本real模式）
600054,恒精工股份,2023,专用设备制造,0,21.423,0.36,29,0.075,3.942,0.0092,演示语料（程序化合成，接口见01脚本real模式）
000055,东装备科技,2019,医药制造,1,22.499,0.477,22,0.11,4.432,-0.113,演示语料（程序化合成，接口见01脚本real模式）
000055,东装备科技,2020,医药制造,1,22.424,0.365,23,0.04,4.161,0.1601,演示语料（程序化合成，接口见01脚本real模式）
000055,东装备科技,2021,医药制造,1,22.546,0.328,24,0.084,3.962,0.4688,演示语料（程序化合成，接口见01脚本real模式）
000055,东装备科技,2022,医药制造,1,22.555,0.521,25,-0.02,2.712,0.1758,演示语料（程序化合成，接口见01脚本real模式）
000055,东装备科技,2023,医药制造,1,22.607,0.715,26,-0.006,3.842,0.2579,演示语料（程序化合成，接口见01脚本real模式）
300056,瑞电子制造,2019,化学原料制造,1,23.828,0.476,25,0.134,4.449,0.8693,演示语料（程序化合成，接口见01脚本real模式）
300056,瑞电子制造,2020,化学原料制造,1,23.929,0.474,26,0.107,5.502,0.336,演示语料（程序化合成，接口见01脚本real模式）
300056,瑞电子制造,2021,化学原料制造,1,23.787,0.388,27,-0.041,4.052,0.1991,演示语料（程序化合成，接口见01脚本real模式）
300056,瑞电子制造,2022,化学原料制造,1,23.987,0.652,28,0.064,4.564,0.154,演示语料（程序化合成，接口见01脚本real模式）
300056,瑞电子制造,2023,化学原料制造,1,24.106,0.69,29,0.226,3.945,0.2713,演示语料（程序化合成，接口见01脚本real模式）
600057,北医化股份,2019,专用设备制造,0,21.521,0.419,10,0.075,1.59,1.6582,演示语料（程序化合成，接口见01脚本real模式）
600057,北医化股份,2020,专用设备制造,0,21.506,0.446,11,0.081,2.836,1.3978,演示语料（程序化合成，接口见01脚本real模式）
600057,北医化股份,2021,专用设备制造,0,21.221,0.238,12,0.067,2.953,1.1185,演示语料（程序化合成，接口见01脚本real模式）
600057,北医化股份,2022,专用设备制造,0,21.841,0.498,13,0.023,4.466,0.4696,演示语料（程序化合成，接口见01脚本real模式）
600057,北医化股份,2023,专用设备制造,0,21.857,0.413,14,0.066,4.115,0.4321,演示语料（程序化合成，接口见01脚本real模式）
000058,泰电子科技,2019,专用设备制造,0,23.415,0.397,12,-0.029,4.719,-0.5842,演示语料（程序化合成，接口见01脚本real模式）
000058,泰电子科技,2020,专用设备制造,0,23.352,0.156,13,0.065,4.567,0.1379,演示语料（程序化合成，接口见01脚本real模式）
000058,泰电子科技,2021,专用设备制造,0,23.409,0.493,14,0.094,5.063,0.4579,演示语料（程序化合成，接口见01脚本real模式）
000058,泰电子科技,2022,专用设备制造,0,23.351,0.309,15,0.048,4.581,0.7881,演示语料（程序化合成，接口见01脚本real模式）
000058,泰电子科技,2023,专用设备制造,0,23.552,0.231,16,0.095,3.216,0.9878,演示语料（程序化合成，接口见01脚本real模式）
300059,中电子科技,2019,电子元器件制造,0,21.909,0.314,25,0.052,6.753,-0.9579,演示语料（程序化合成，接口见01脚本real模式）
300059,中电子科技,2020,电子元器件制造,0,21.986,0.494,26,0.054,5.606,-0.3647,演示语料（程序化合成，接口见01脚本real模式）
300059,中电子科技,2021,电子元器件制造,0,22.366,0.598,27,0.084,5.208,-0.8242,演示语料（程序化合成，接口见01脚本real模式）
300059,中电子科技,2022,电子元器件制造,0,22.464,0.453,28,0.034,5.854,-0.6631,演示语料（程序化合成，接口见01脚本real模式）
300059,中电子科技,2023,电子元器件制造,0,22.105,0.588,29,-0.012,5.892,-1.2561,演示语料（程序化合成，接口见01脚本real模式）
600060,北环科科技,2019,汽车零部件制造,0,21.573,0.568,24,0.052,2.639,0.0009,演示语料（程序化合成，接口见01脚本real模式）
600060,北环科科技,2020,汽车零部件制造,0,21.448,0.389,25,0.118,3.503,0.02,演示语料（程序化合成，接口见01脚本real模式）
600060,北环科科技,2021,汽车零部件制造,0,21.538,0.512,26,0.047,2.772,0.3969,演示语料（程序化合成，接口见01脚本real模式）
600060,北环科科技,2022,汽车零部件制造,0,21.437,0.594,27,-0.031,5.203,0.764,演示语料（程序化合成，接口见01脚本real模式）
600060,北环科科技,2023,汽车零部件制造,0,21.786,0.506,28,0.108,2.167,0.4813,演示语料（程序化合成，接口见01脚本real模式）
000061,东智控科技,2019,医药制造,1,20.853,0.443,12,0.021,2.601,0.4341,演示语料（程序化合成，接口见01脚本real模式）
000061,东智控科技,2020,医药制造,1,20.692,0.366,13,0.042,3.449,-0.3392,演示语料（程序化合成，接口见01脚本real模式）
000061,东智控科技,2021,医药制造,1,21.083,0.422,14,-0.05,4.666,-0.6335,演示语料（程序化合成，接口见01脚本real模式）
000061,东智控科技,2022,医药制造,1,21.258,0.326,15,0.072,4.008,-0.5264,演示语料（程序化合成，接口见01脚本real模式）
000061,东智控科技,2023,医药制造,1,21.354,0.406,16,0.082,3.715,-0.6501,演示语料（程序化合成，接口见01脚本real模式）
300062,华光电股份,2019,医药制造,0,21.564,0.696,9,0.029,5.285,-0.8871,演示语料（程序化合成，接口见01脚本real模式）
300062,华光电股份,2020,医药制造,0,21.629,0.36,10,-0.002,6.012,-1.1499,演示语料（程序化合成，接口见01脚本real模式）
300062,华光电股份,2021,医药制造,0,21.468,0.399,11,0.022,5.144,-0.7403,演示语料（程序化合成，接口见01脚本real模式）
300062,华光电股份,2022,医药制造,0,21.451,0.374,12,-0.049,3.461,-0.8403,演示语料（程序化合成，接口见01脚本real模式）
300062,华光电股份,2023,医药制造,0,21.664,0.38,13,0.037,4.262,-0.7664,演示语料（程序化合成，接口见01脚本real模式）
600063,华智控制造,2019,医药制造,0,22.101,0.249,9,-0.041,1.648,0.969,演示语料（程序化合成，接口见01脚本real模式）
600063,华智控制造,2020,医药制造,0,21.563,0.432,10,0.094,3.961,0.3114,演示语料（程序化合成，接口见01脚本real模式）
600063,华智控制造,2021,医药制造,0,21.891,0.595,11,-0.021,5.06,0.0413,演示语料（程序化合成，接口见01脚本real模式）
600063,华智控制造,2022,医药制造,0,22.016,0.304,12,0.024,2.852,0.2708,演示语料（程序化合成，接口见01脚本real模式）
600063,华智控制造,2023,医药制造,0,22.119,0.764,13,0.062,3.82,0.0976,演示语料（程序化合成，接口见01脚本real模式）
000064,北新材实业,2019,医药制造,0,22.329,0.296,10,0.087,7.519,-0.3455,演示语料（程序化合成，接口见01脚本real模式）
000064,北新材实业,2020,医药制造,0,22.302,0.371,11,0.003,4.484,0.0681,演示语料（程序化合成，接口见01脚本real模式）
000064,北新材实业,2021,医药制造,0,22.49,0.482,12,0.05,4.896,0.1198,演示语料（程序化合成，接口见01脚本real模式）
000064,北新材实业,2022,医药制造,0,22.39,0.502,13,0.048,4.875,0.2565,演示语料（程序化合成，接口见01脚本real模式）
000064,北新材实业,2023,医药制造,0,22.659,0.51,14,0.016,3.123,0.2913,演示语料（程序化合成，接口见01脚本real模式）
300065,宏新材科技,2019,汽车零部件制造,0,22.248,0.333,20,0.116,4.827,0.2191,演示语料（程序化合成，接口见01脚本real模式）
300065,宏新材科技,2020,汽车零部件制造,0,22.412,0.672,21,-0.047,4.658,-0.1691,演示语料（程序化合成，接口见01脚本real模式）
300065,宏新材科技,2021,汽车零部件制造,0,22.63,0.817,22,0.068,4.274,-0.0858,演示语料（程序化合成，接口见01脚本real模式）
300065,宏新材科技,2022,汽车零部件制造,0,22.382,0.317,23,0.099,3.415,-0.1117,演示语料（程序化合成，接口见01脚本real模式）
300065,宏新材科技,2023,汽车零部件制造,0,22.738,0.541,24,0.059,6.879,-0.2645,演示语料（程序化合成，接口见01脚本real模式）
600066,晟医化实业,2019,汽车零部件制造,1,22.378,0.723,10,0.103,4.755,-0.0726,演示语料（程序化合成，接口见01脚本real模式）
600066,晟医化实业,2020,汽车零部件制造,1,22.528,0.458,11,0.067,3.517,0.2209,演示语料（程序化合成，接口见01脚本real模式）
600066,晟医化实业,2021,汽车零部件制造,1,22.401,0.24,12,0.028,3.984,0.1433,演示语料（程序化合成，接口见01脚本real模式）
600066,晟医化实业,2022,汽车零部件制造,1,22.409,0.38,13,0.032,3.371,0.3347,演示语料（程序化合成，接口见01脚本real模式）
600066,晟医化实业,2023,汽车零部件制造,1,22.45,0.552,14,0.082,4.538,-0.185,演示语料（程序化合成，接口见01脚本real模式）
000067,晟动力实业,2019,医药制造,0,23.707,0.565,22,0.071,4.012,0.974,演示语料（程序化合成，接口见01脚本real模式）
000067,晟动力实业,2020,医药制造,0,23.57,0.374,23,0.06,3.866,0.7739,演示语料（程序化合成，接口见01脚本real模式）
000067,晟动力实业,2021,医药制造,0,23.357,0.476,24,0.059,4.568,-0.1777,演示语料（程序化合成，接口见01脚本real模式）
000067,晟动力实业,2022,医药制造,0,23.556,0.386,25,0.006,4.514,-0.3051,演示语料（程序化合成，接口见01脚本real模式）
000067,晟动力实业,2023,医药制造,0,23.711,0.561,26,0.081,5.572,-0.141,演示语料（程序化合成，接口见01脚本real模式）
300068,恒医化股份,2019,汽车零部件制造,0,21.444,0.628,21,0.121,3.538,-0.2791,演示语料（程序化合成，接口见01脚本real模式）
300068,恒医化股份,2020,汽车零部件制造,0,21.325,0.109,22,0.002,3.814,-0.0168,演示语料（程序化合成，接口见01脚本real模式）
300068,恒医化股份,2021,汽车零部件制造,0,21.453,0.465,23,0.076,5.305,-0.4177,演示语料（程序化合成，接口见01脚本real模式）
300068,恒医化股份,2022,汽车零部件制造,0,21.591,0.632,24,0.016,3.619,-0.1804,演示语料（程序化合成，接口见01脚本real模式）
300068,恒医化股份,2023,汽车零部件制造,0,21.503,0.624,25,0.108,5.34,-0.573,演示语料（程序化合成，接口见01脚本real模式）
600069,天装备实业,2019,医药制造,1,21.313,0.586,17,0.092,4.887,-0.4564,演示语料（程序化合成，接口见01脚本real模式）
600069,天装备实业,2020,医药制造,1,21.554,0.516,18,0.025,4.183,-0.3955,演示语料（程序化合成，接口见01脚本real模式）
600069,天装备实业,2021,医药制造,1,21.5,0.517,19,0.06,2.641,-0.1643,演示语料（程序化合成，接口见01脚本real模式）
600069,天装备实业,2022,医药制造,1,21.469,0.258,20,0.045,5.148,-0.5146,演示语料（程序化合成，接口见01脚本real模式）
600069,天装备实业,2023,医药制造,1,21.622,0.322,21,-0.039,3.019,-0.0031,演示语料（程序化合成，接口见01脚本real模式）
000070,瑞智造制造,2019,汽车零部件制造,0,23.199,0.259,16,0.033,4.798,-0.8233,演示语料（程序化合成，接口见01脚本real模式）
000070,瑞智造制造,2020,汽车零部件制造,0,22.978,0.433,17,0.013,5.637,-0.7383,演示语料（程序化合成，接口见01脚本real模式）
000070,瑞智造制造,2021,汽车零部件制造,0,23.118,0.337,18,0.066,6.039,-0.2235,演示语料（程序化合成，接口见01脚本real模式）
000070,瑞智造制造,2022,汽车零部件制造,0,22.958,0.209,19,0.176,3.716,-0.6651,演示语料（程序化合成，接口见01脚本real模式）
000070,瑞智造制造,2023,汽车零部件制造,0,23.232,0.345,20,-0.006,5.415,-0.3987,演示语料（程序化合成，接口见01脚本real模式）
300071,恒医化科技,2019,专用设备制造,1,23.247,0.189,16,-0.055,4.911,-0.0045,演示语料（程序化合成，接口见01脚本real模式）
300071,恒医化科技,2020,专用设备制造,1,23.04,0.459,17,0.117,3.2,0.6516,演示语料（程序化合成，接口见01脚本real模式）
300071,恒医化科技,2021,专用设备制造,1,23.403,0.617,18,0.047,5.734,0.4175,演示语料（程序化合成，接口见01脚本real模式）
300071,恒医化科技,2022,专用设备制造,1,23.253,0.12,19,-0.019,4.163,0.4421,演示语料（程序化合成，接口见01脚本real模式）
300071,恒医化科技,2023,专用设备制造,1,23.223,0.423,20,0.032,3.937,0.6301,演示语料（程序化合成，接口见01脚本real模式）
600072,泰电子股份,2019,专用设备制造,0,20.748,0.764,13,-0.055,2.342,0.7826,演示语料（程序化合成，接口见01脚本real模式）
600072,泰电子股份,2020,专用设备制造,0,20.828,0.245,14,0.062,2.484,0.8738,演示语料（程序化合成，接口见01脚本real模式）
600072,泰电子股份,2021,专用设备制造,0,20.818,0.609,15,0.055,2.775,0.4278,演示语料（程序化合成，接口见01脚本real模式）
600072,泰电子股份,2022,专用设备制造,0,20.85,0.426,16,0.102,4.577,-0.0465,演示语料（程序化合成，接口见01脚本real模式）
600072,泰电子股份,2023,专用设备制造,0,21.062,0.51,17,0.055,6.152,-0.8496,演示语料（程序化合成，接口见01脚本real模式）
000073,天装备股份,2019,化学原料制造,0,22.021,0.648,21,-0.002,5.321,-0.1801,演示语料（程序化合成，接口见01脚本real模式）
000073,天装备股份,2020,化学原料制造,0,22.428,0.379,22,-0.048,5.38,-0.4589,演示语料（程序化合成，接口见01脚本real模式）
000073,天装备股份,2021,化学原料制造,0,22.259,0.518,23,0.071,3.449,-0.25,演示语料（程序化合成，接口见01脚本real模式）
000073,天装备股份,2022,化学原料制造,0,22.434,0.308,24,0.028,2.837,-0.2532,演示语料（程序化合成，接口见01脚本real模式）
000073,天装备股份,2023,化学原料制造,0,22.608,0.328,25,0.001,2.968,-0.1367,演示语料（程序化合成，接口见01脚本real模式）
300074,康动力制造,2019,专用设备制造,0,20.759,0.629,19,-0.039,4.407,-0.2075,演示语料（程序化合成，接口见01脚本real模式）
300074,康动力制造,2020,专用设备制造,0,20.626,0.713,20,-0.062,5.058,-0.5209,演示语料（程序化合成，接口见01脚本real模式）
300074,康动力制造,2021,专用设备制造,0,20.853,0.239,21,0.053,3.927,-0.211,演示语料（程序化合成，接口见01脚本real模式）
300074,康动力制造,2022,专用设备制造,0,20.772,0.339,22,-0.007,1.679,0.5829,演示语料（程序化合成，接口见01脚本real模式）
300074,康动力制造,2023,专用设备制造,0,20.829,0.657,23,0.043,2.865,0.6837,演示语料（程序化合成，接口见01脚本real模式）
600075,恒动力实业,2019,医药制造,1,20.384,0.594,11,-0.011,4.071,0.3064,演示语料（程序化合成，接口见01脚本real模式）
600075,恒动力实业,2020,医药制造,1,20.584,0.348,12,0.013,3.154,0.5329,演示语料（程序化合成，接口见01脚本real模式）
600075,恒动力实业,2021,医药制造,1,20.652,0.496,13,0.048,3.495,0.5295,演示语料（程序化合成，接口见01脚本real模式）
600075,恒动力实业,2022,医药制造,1,20.908,0.226,14,-0.0,4.53,0.4307,演示语料（程序化合成，接口见01脚本real模式）
600075,恒动力实业,2023,医药制造,1,20.949,0.291,15,-0.043,0.744,0.8813,演示语料（程序化合成，接口见01脚本real模式）
000076,东智控实业,2019,医药制造,0,22.18,0.498,16,0.019,6.975,-0.3036,演示语料（程序化合成，接口见01脚本real模式）
000076,东智控实业,2020,医药制造,0,22.222,0.417,17,0.062,4.659,0.1985,演示语料（程序化合成，接口见01脚本real模式）
000076,东智控实业,2021,医药制造,0,21.982,0.45,18,-0.048,4.159,-0.0255,演示语料（程序化合成，接口见01脚本real模式）
000076,东智控实业,2022,医药制造,0,22.239,0.462,19,0.001,5.053,-0.3744,演示语料（程序化合成，接口见01脚本real模式）
000076,东智控实业,2023,医药制造,0,22.053,0.464,20,0.056,5.104,0.2688,演示语料（程序化合成，接口见01脚本real模式）
300077,晟环科制造,2019,电子元器件制造,1,21.755,0.509,14,-0.006,3.242,0.8727,演示语料（程序化合成，接口见01脚本real模式）
300077,晟环科制造,2020,电子元器件制造,1,21.746,0.602,15,0.009,3.738,0.69,演示语料（程序化合成，接口见01脚本real模式）
300077,晟环科制造,2021,电子元器件制造,1,21.808,0.419,16,0.083,4.965,0.2208,演示语料（程序化合成，接口见01脚本real模式）
300077,晟环科制造,2022,电子元器件制造,1,21.981,0.319,17,0.021,4.676,0.3871,演示语料（程序化合成，接口见01脚本real模式）
300077,晟环科制造,2023,电子元器件制造,1,21.935,0.331,18,0.055,4.645,0.3144,演示语料（程序化合成，接口见01脚本real模式）
600078,华智控科技,2019,电子元器件制造,1,22.092,0.287,14,-0.008,4.463,0.5094,演示语料（程序化合成，接口见01脚本real模式）
600078,华智控科技,2020,电子元器件制造,1,22.243,0.418,15,-0.017,4.03,0.4397,演示语料（程序化合成，接口见01脚本real模式）
600078,华智控科技,2021,电子元器件制造,1,21.907,0.385,16,0.052,2.521,0.1477,演示语料（程序化合成，接口见01脚本real模式）
600078,华智控科技,2022,电子元器件制造,1,22.271,0.496,17,0.092,3.373,-0.1497,演示语料（程序化合成，接口见01脚本real模式）
600078,华智控科技,2023,电子元器件制造,1,22.047,0.535,18,0.164,4.914,-0.4401,演示语料（程序化合成，接口见01脚本real模式）
000079,瑞装备科技,2019,医药制造,0,21.329,0.219,20,0.051,2.996,0.7894,演示语料（程序化合成，接口见01脚本real模式）
000079,瑞装备科技,2020,医药制造,0,21.428,0.484,21,0.036,4.831,0.5167,演示语料（程序化合成，接口见01脚本real模式）
000079,瑞装备科技,2021,医药制造,0,21.199,0.179,22,0.021,4.601,0.1809,演示语料（程序化合成，接口见01脚本real模式）
000079,瑞装备科技,2022,医药制造,0,21.414,0.585,23,-0.064,3.891,0.3511,演示语料（程序化合成，接口见01脚本real模式）
000079,瑞装备科技,2023,医药制造,0,21.339,0.474,24,0.016,1.55,0.5692,演示语料（程序化合成，接口见01脚本real模式）
300080,金医化实业,2019,汽车零部件制造,0,20.983,0.515,9,0.096,1.868,1.916,演示语料（程序化合成，接口见01脚本real模式）
300080,金医化实业,2020,汽车零部件制造,0,21.189,0.271,10,0.07,1.432,1.1842,演示语料（程序化合成，接口见01脚本real模式）
300080,金医化实业,2021,汽车零部件制造,0,21.434,0.345,11,0.094,1.847,1.8241,演示语料（程序化合成，接口见01脚本real模式）
300080,金医化实业,2022,汽车零部件制造,0,21.185,0.419,12,0.031,1.33,1.3914,演示语料（程序化合成，接口见01脚本real模式）
300080,金医化实业,2023,汽车零部件制造,0,21.384,0.44,13,-0.036,3.237,0.804,演示语料（程序化合成，接口见01脚本real模式）
600081,北电子科技,2019,医药制造,0,21.71,0.591,19,0.105,3.36,-0.4054,演示语料（程序化合成，接口见01脚本real模式）
600081,北电子科技,2020,医药制造,0,21.933,0.408,20,0.027,4.091,0.0886,演示语料（程序化合成，接口见01脚本real模式）
600081,北电子科技,2021,医药制造,0,21.872,0.181,21,0.002,3.439,-0.2029,演示语料（程序化合成，接口见01脚本real模式）
600081,北电子科技,2022,医药制造,0,22.057,0.478,22,0.109,6.147,-0.3957,演示语料（程序化合成，接口见01脚本real模式）
600081,北电子科技,2023,医药制造,0,22.105,0.51,23,0.104,4.792,-0.2631,演示语料（程序化合成，接口见01脚本real模式）
000082,天医化实业,2019,汽车零部件制造,1,23.721,0.611,6,-0.009,7.289,-1.4405,演示语料（程序化合成，接口见01脚本real模式）
000082,天医化实业,2020,汽车零部件制造,1,23.333,0.469,7,0.022,7.357,-1.3065,演示语料（程序化合成，接口见01脚本real模式）
000082,天医化实业,2021,汽车零部件制造,1,23.77,0.494,8,0.011,6.727,-1.2543,演示语料（程序化合成，接口见01脚本real模式）
000082,天医化实业,2022,汽车零部件制造,1,23.91,0.492,9,0.046,5.566,-0.5792,演示语料（程序化合成，接口见01脚本real模式）
000082,天医化实业,2023,汽车零部件制造,1,23.676,0.586,10,-0.001,5.767,-0.8911,演示语料（程序化合成，接口见01脚本real模式）
300083,华精工股份,2019,医药制造,0,20.61,0.316,9,0.015,2.648,0.4542,演示语料（程序化合成，接口见01脚本real模式）
300083,华精工股份,2020,医药制造,0,20.875,0.481,10,0.084,2.714,0.0683,演示语料（程序化合成，接口见01脚本real模式）
300083,华精工股份,2021,医药制造,0,21.153,0.627,11,0.133,2.177,0.6756,演示语料（程序化合成，接口见01脚本real模式）
300083,华精工股份,2022,医药制造,0,21.039,0.312,12,-0.077,4.029,0.4852,演示语料（程序化合成，接口见01脚本real模式）
300083,华精工股份,2023,医药制造,0,21.003,0.258,13,0.036,2.324,0.1778,演示语料（程序化合成，接口见01脚本real模式）
600084,恒精工股份,2019,汽车零部件制造,1,23.504,0.561,19,0.119,3.434,0.9592,演示语料（程序化合成，接口见01脚本real模式）
600084,恒精工股份,2020,汽车零部件制造,1,23.637,0.121,20,0.084,4.396,0.9417,演示语料（程序化合成，接口见01脚本real模式）
600084,恒精工股份,2021,汽车零部件制造,1,23.489,0.456,21,0.051,3.912,0.6983,演示语料（程序化合成，接口见01脚本real模式）
600084,恒精工股份,2022,汽车零部件制造,1,23.892,0.608,22,-0.001,3.343,0.8815,演示语料（程序化合成，接口见01脚本real模式）
600084,恒精工股份,2023,汽车零部件制造,1,23.656,0.463,23,-0.075,3.869,0.7309,演示语料（程序化合成，接口见01脚本real模式）
000085,东精工实业,2019,专用设备制造,0,22.661,0.466,20,0.045,5.033,0.0721,演示语料（程序化合成，接口见01脚本real模式）
000085,东精工实业,2020,专用设备制造,0,22.725,0.38,21,0.058,3.518,-0.1703,演示语料（程序化合成，接口见01脚本real模式）
000085,东精工实业,2021,专用设备制造,0,22.986,0.229,22,0.057,4.473,0.2899,演示语料（程序化合成，接口见01脚本real模式）
000085,东精工实业,2022,专用设备制造,0,23.045,0.404,23,0.072,4.608,0.3564,演示语料（程序化合成，接口见01脚本real模式）
000085,东精工实业,2023,专用设备制造,0,22.946,0.326,24,0.118,2.253,1.1185,演示语料（程序化合成，接口见01脚本real模式）
300086,华环科制造,2019,专用设备制造,1,20.756,0.318,20,-0.013,2.872,-0.0927,演示语料（程序化合成，接口见01脚本real模式）
300086,华环科制造,2020,专用设备制造,1,21.217,0.256,21,0.028,3.215,-0.0401,演示语料（程序化合成，接口见01脚本real模式）
300086,华环科制造,2021,专用设备制造,1,20.963,0.257,22,0.001,6.122,-0.5864,演示语料（程序化合成，接口见01脚本real模式）
300086,华环科制造,2022,专用设备制造,1,21.036,0.501,23,0.024,6.483,-0.4132,演示语料（程序化合成，接口见01脚本real模式）
300086,华环科制造,2023,专用设备制造,1,20.728,0.388,24,0.013,4.67,-0.3134,演示语料（程序化合成，接口见01脚本real模式）
600087,恒智造实业,2019,汽车零部件制造,0,23.371,0.498,19,0.014,6.429,-0.4258,演示语料（程序化合成，接口见01脚本real模式）
600087,恒智造实业,2020,汽车零部件制造,0,23.517,0.469,20,-0.013,5.048,-1.0083,演示语料（程序化合成，接口见01脚本real模式）
600087,恒智造实业,2021,汽车零部件制造,0,23.289,0.607,21,0.05,5.137,-0.3297,演示语料（程序化合成，接口见01脚本real模式）
600087,恒智造实业,2022,汽车零部件制造,0,23.629,0.573,22,-0.026,6.25,-0.2168,演示语料（程序化合成，接口见01脚本real模式）
600087,恒智造实业,2023,汽车零部件制造,0,23.554,0.058,23,-0.078,6.465,-0.6261,演示语料（程序化合成，接口见01脚本real模式）
000088,瑞智造股份,2019,医药制造,0,22.853,0.596,12,0.108,5.385,-0.7983,演示语料（程序化合成，接口见01脚本real模式）
000088,瑞智造股份,2020,医药制造,0,22.315,0.538,13,-0.018,5.682,-0.9109,演示语料（程序化合成，接口见01脚本real模式）
000088,瑞智造股份,2021,医药制造,0,22.466,0.471,14,0.046,5.001,-0.4623,演示语料（程序化合成，接口见01脚本real模式）
000088,瑞智造股份,2022,医药制造,0,22.616,0.366,15,0.07,6.578,-0.7094,演示语料（程序化合成，接口见01脚本real模式）
000088,瑞智造股份,2023,医药制造,0,22.673,0.736,16,0.058,4.264,-0.5661,演示语料（程序化合成，接口见01脚本real模式）
300089,利智造制造,2019,医药制造,0,20.814,0.576,16,0.039,4.57,-0.717,演示语料（程序化合成，接口见01脚本real模式）
300089,利智造制造,2020,医药制造,0,20.675,0.529,17,0.049,3.875,-0.4309,演示语料（程序化合成，接口见01脚本real模式）
300089,利智造制造,2021,医药制造,0,20.802,0.23,18,-0.001,5.125,0.1275,演示语料（程序化合成，接口见01脚本real模式）
300089,利智造制造,2022,医药制造,0,20.823,0.517,19,0.088,3.539,0.162,演示语料（程序化合成，接口见01脚本real模式）
300089,利智造制造,2023,医药制造,0,20.749,0.318,20,0.032,2.605,0.4212,演示语料（程序化合成，接口见01脚本real模式）
600090,金医化股份,2019,医药制造,0,22.229,0.454,10,0.053,4.727,-0.3509,演示语料（程序化合成，接口见01脚本real模式）
600090,金医化股份,2020,医药制造,0,22.315,0.321,11,0.1,4.153,-0.0154,演示语料（程序化合成，接口见01脚本real模式）
600090,金医化股份,2021,医药制造,0,22.132,0.597,12,0.0,3.783,0.1079,演示语料（程序化合成，接口见01脚本real模式）
600090,金医化股份,2022,医药制造,0,22.253,0.204,13,-0.096,4.506,-0.1471,演示语料（程序化合成，接口见01脚本real模式）
600090,金医化股份,2023,医药制造,0,22.266,0.448,14,0.107,4.252,-0.0201,演示语料（程序化合成，接口见01脚本real模式）
000091,华新材制造,2019,医药制造,0,22.248,0.498,25,0.055,3.349,0.1645,演示语料（程序化合成，接口见01脚本real模式）
000091,华新材制造,2020,医药制造,0,22.212,0.328,26,-0.003,3.85,0.1639,演示语料（程序化合成，接口见01脚本real模式）
000091,华新材制造,2021,医药制造,0,22.173,0.612,27,-0.057,4.031,0.1426,演示语料（程序化合成，接口见01脚本real模式）
000091,华新材制造,2022,医药制造,0,22.219,0.487,28,0.022,5.077,0.1561,演示语料（程序化合成，接口见01脚本real模式）
000091,华新材制造,2023,医药制造,0,22.568,0.598,29,0.043,4.486,-0.2035,演示语料（程序化合成，接口见01脚本real模式）
300092,金动力制造,2019,医药制造,1,22.566,0.686,13,-0.014,3.426,0.9456,演示语料（程序化合成，接口见01脚本real模式）
300092,金动力制造,2020,医药制造,1,22.787,0.445,14,0.03,3.925,0.8251,演示语料（程序化合成，接口见01脚本real模式）
300092,金动力制造,2021,医药制造,1,22.814,0.159,15,0.052,4.733,0.388,演示语料（程序化合成，接口见01脚本real模式）
300092,金动力制造,2022,医药制造,1,22.925,0.552,16,0.035,5.637,-0.0592,演示语料（程序化合成，接口见01脚本real模式）
300092,金动力制造,2023,医药制造,1,22.936,0.44,17,0.083,5.151,-0.0036,演示语料（程序化合成，接口见01脚本real模式）
600093,晟医化股份,2019,电子元器件制造,0,22.533,0.471,25,-0.01,4.493,-0.5735,演示语料（程序化合成，接口见01脚本real模式）
600093,晟医化股份,2020,电子元器件制造,0,22.829,0.225,26,0.037,6.434,-0.3802,演示语料（程序化合成，接口见01脚本real模式）
600093,晟医化股份,2021,电子元器件制造,0,23.02,0.131,27,0.048,5.517,-0.0826,演示语料（程序化合成，接口见01脚本real模式）
600093,晟医化股份,2022,电子元器件制造,0,22.908,0.151,28,0.076,4.901,-0.2919,演示语料（程序化合成，接口见01脚本real模式）
600093,晟医化股份,2023,电子元器件制造,0,22.784,0.576,29,0.097,4.626,-0.5902,演示语料（程序化合成，接口见01脚本real模式）
000094,恒新材实业,2019,化学原料制造,0,22.528,0.442,20,0.039,4.563,-0.0782,演示语料（程序化合成，接口见01脚本real模式）
000094,恒新材实业,2020,化学原料制造,0,22.367,0.445,21,-0.025,4.464,-0.1522,演示语料（程序化合成，接口见01脚本real模式）
000094,恒新材实业,2021,化学原料制造,0,22.47,0.445,22,0.138,4.521,0.434,演示语料（程序化合成，接口见01脚本real模式）
000094,恒新材实业,2022,化学原料制造,0,22.671,0.43,23,0.011,2.743,0.3825,演示语料（程序化合成，接口见01脚本real模式）
000094,恒新材实业,2023,化学原料制造,0,22.583,0.399,24,0.052,4.029,-0.1709,演示语料（程序化合成，接口见01脚本real模式）
300095,南智造股份,2019,医药制造,0,21.343,0.263,23,0.075,1.84,0.01,演示语料（程序化合成，接口见01脚本real模式）
300095,南智造股份,2020,医药制造,0,21.513,0.431,24,0.145,3.691,-0.3532,演示语料（程序化合成，接口见01脚本real模式）
300095,南智造股份,2021,医药制造,0,21.449,0.444,25,-0.008,4.176,-0.5391,演示语料（程序化合成，接口见01脚本real模式）
300095,南智造股份,2022,医药制造,0,21.647,0.553,26,0.014,5.421,-0.5196,演示语料（程序化合成，接口见01脚本real模式）
300095,南智造股份,2023,医药制造,0,21.398,0.344,27,0.017,3.989,-0.3691,演示语料（程序化合成，接口见01脚本real模式）
600096,威新材股份,2019,电子元器件制造,0,20.919,0.358,19,-0.044,4.988,-1.2488,演示语料（程序化合成，接口见01脚本real模式）
600096,威新材股份,2020,电子元器件制造,0,20.971,0.276,20,0.102,6.049,-0.8645,演示语料（程序化合成，接口见01脚本real模式）
600096,威新材股份,2021,电子元器件制造,0,21.141,0.217,21,0.0,5.726,-0.9783,演示语料（程序化合成，接口见01脚本real模式）
600096,威新材股份,2022,电子元器件制造,0,20.87,0.227,22,0.138,4.527,-1.259,演示语料（程序化合成，接口见01脚本real模式）
600096,威新材股份,2023,电子元器件制造,0,21.009,0.429,23,0.105,5.814,-1.3231,演示语料（程序化合成，接口见01脚本real模式）
000097,金动力实业,2019,化学原料制造,0,21.867,0.391,6,-0.022,3.731,-0.5077,演示语料（程序化合成，接口见01脚本real模式）
000097,金动力实业,2020,化学原料制造,0,21.601,0.199,7,-0.088,3.328,-0.9063,演示语料（程序化合成，接口见01脚本real模式）
000097,金动力实业,2021,化学原料制造,0,21.889,0.579,8,0.012,4.694,-0.8259,演示语料（程序化合成，接口见01脚本real模式）
000097,金动力实业,2022,化学原料制造,0,22.252,0.534,9,0.085,2.644,-0.3712,演示语料（程序化合成，接口见01脚本real模式）
000097,金动力实业,2023,化学原料制造,0,22.271,0.533,10,0.043,4.859,-0.0386,演示语料（程序化合成，接口见01脚本real模式）
300098,晟电子制造,2019,汽车零部件制造,0,22.947,0.473,10,-0.037,6.426,-0.4809,演示语料（程序化合成，接口见01脚本real模式）
300098,晟电子制造,2020,汽车零部件制造,0,23.036,0.319,11,0.057,5.868,-0.7512,演示语料（程序化合成，接口见01脚本real模式）
300098,晟电子制造,2021,汽车零部件制造,0,23.08,0.355,12,0.044,7.382,-0.846,演示语料（程序化合成，接口见01脚本real模式）
300098,晟电子制造,2022,汽车零部件制造,0,23.029,0.307,13,-0.088,4.889,-0.7769,演示语料（程序化合成，接口见01脚本real模式）
300098,晟电子制造,2023,汽车零部件制造,0,23.413,0.49,14,-0.015,6.135,-0.7031,演示语料（程序化合成，接口见01脚本real模式）
600099,宏装备实业,2019,电子元器件制造,0,21.755,0.335,22,0.09,3.569,-0.3318,演示语料（程序化合成，接口见01脚本real模式）
600099,宏装备实业,2020,电子元器件制造,0,22.015,0.563,23,0.018,5.641,-0.3625,演示语料（程序化合成，接口见01脚本real模式）
600099,宏装备实业,2021,电子元器件制造,0,21.86,0.418,24,0.08,3.872,-0.6435,演示语料（程序化合成，接口见01脚本real模式）
600099,宏装备实业,2022,电子元器件制造,0,22.036,0.48,25,0.085,2.966,-0.2098,演示语料（程序化合成，接口见01脚本real模式）
600099,宏装备实业,2023,电子元器件制造,0,21.853,0.489,26,0.042,5.148,-0.3108,演示语料（程序化合成，接口见01脚本real模式）
000100,瑞动力股份,2019,汽车零部件制造,0,23.309,0.523,13,0.035,3.793,0.0111,演示语料（程序化合成，接口见01脚本real模式）
000100,瑞动力股份,2020,汽车零部件制造,0,23.438,0.263,14,0.018,3.192,0.1707,演示语料（程序化合成，接口见01脚本real模式）
000100,瑞动力股份,2021,汽车零部件制造,0,23.358,0.575,15,0.054,5.728,0.2409,演示语料（程序化合成，接口见01脚本real模式）
000100,瑞动力股份,2022,汽车零部件制造,0,23.442,0.275,16,0.051,5.291,0.2458,演示语料（程序化合成，接口见01脚本real模式）
000100,瑞动力股份,2023,汽车零部件制造,0,23.606,0.292,17,-0.028,5.689,0.1604,演示语料（程序化合成，接口见01脚本real模式）
300101,南精工制造,2019,专用设备制造,1,23.437,0.502,25,0.101,4.548,0.0036,演示语料（程序化合成，接口见01脚本real模式）
300101,南精工制造,2020,专用设备制造,1,23.829,0.718,26,0.022,6.985,0.1082,演示语料（程序化合成，接口见01脚本real模式）
300101,南精工制造,2021,专用设备制造,1,23.937,0.527,27,-0.019,4.241,0.3304,演示语料（程序化合成，接口见01脚本real模式）
300101,南精工制造,2022,专用设备制造,1,23.94,0.488,28,0.098,5.238,0.1802,演示语料（程序化合成，接口见01脚本real模式）
300101,南精工制造,2023,专用设备制造,1,23.868,0.425,29,0.095,5.109,-0.2259,演示语料（程序化合成，接口见01脚本real模式）
600102,泰电子科技,2019,汽车零部件制造,0,22.959,0.585,24,0.111,5.249,-0.52,演示语料（程序化合成，接口见01脚本real模式）
600102,泰电子科技,2020,汽车零部件制造,0,22.934,0.091,25,0.037,4.307,-0.5992,演示语料（程序化合成，接口见01脚本real模式）
600102,泰电子科技,2021,汽车零部件制造,0,23.284,0.561,26,0.096,6.215,0.0148,演示语料（程序化合成，接口见01脚本real模式）
600102,泰电子科技,2022,汽车零部件制造,0,23.342,0.395,27,0.02,4.214,-0.0389,演示语料（程序化合成，接口见01脚本real模式）
600102,泰电子科技,2023,汽车零部件制造,0,22.993,0.535,28,0.092,3.836,-0.0123,演示语料（程序化合成，接口见01脚本real模式）
000103,东新材制造,2019,医药制造,0,20.321,0.41,11,0.058,5.291,-1.1473,演示语料（程序化合成，接口见01脚本real模式）
000103,东新材制造,2020,医药制造,0,20.748,0.24,12,0.076,3.926,-0.85,演示语料（程序化合成，接口见01脚本real模式）
000103,东新材制造,2021,医药制造,0,20.723,0.343,13,0.056,4.834,-0.9232,演示语料（程序化合成，接口见01脚本real模式）
000103,东新材制造,2022,医药制造,0,21.185,0.272,14,-0.002,4.721,-0.7657,演示语料（程序化合成，接口见01脚本real模式）
000103,东新材制造,2023,医药制造,0,20.922,0.332,15,0.03,4.301,-0.1582,演示语料（程序化合成，接口见01脚本real模式）
300104,中智造股份,2019,电子元器件制造,0,20.007,0.378,20,0.031,2.542,0.351,演示语料（程序化合成，接口见01脚本real模式）
300104,中智造股份,2020,电子元器件制造,0,19.847,0.381,21,0.072,3.241,-0.004,演示语料（程序化合成，接口见01脚本real模式）
300104,中智造股份,2021,电子元器件制造,0,20.17,0.556,22,0.089,4.428,-0.1545,演示语料（程序化合成，接口见01脚本real模式）
300104,中智造股份,2022,电子元器件制造,0,20.272,0.486,23,0.009,3.813,-0.5136,演示语料（程序化合成，接口见01脚本real模式）
300104,中智造股份,2023,电子元器件制造,0,20.386,0.313,24,-0.041,4.127,-0.2234,演示语料（程序化合成，接口见01脚本real模式）
600105,金电子实业,2019,医药制造,0,21.644,0.422,17,-0.004,3.089,0.3557,演示语料（程序化合成，接口见01脚本real模式）
600105,金电子实业,2020,医药制造,0,21.646,0.256,18,0.064,4.582,-0.0268,演示语料（程序化合成，接口见01脚本real模式）
600105,金电子实业,2021,医药制造,0,21.756,0.68,19,0.014,5.501,-0.0837,演示语料（程序化合成，接口见01脚本real模式）
600105,金电子实业,2022,医药制造,0,21.797,0.462,20,0.086,3.962,-0.2462,演示语料（程序化合成，接口见01脚本real模式）
600105,金电子实业,2023,医药制造,0,22.069,0.308,21,0.081,4.165,0.0735,演示语料（程序化合成，接口见01脚本real模式）
000106,北医化股份,2019,医药制造,0,21.856,0.532,19,0.036,5.454,-0.6675,演示语料（程序化合成，接口见01脚本real模式）
000106,北医化股份,2020,医药制造,0,21.777,0.194,20,0.089,5.058,-0.9631,演示语料（程序化合成，接口见01脚本real模式）
000106,北医化股份,2021,医药制造,0,21.892,0.373,21,0.042,6.995,-0.9016,演示语料（程序化合成，接口见01脚本real模式）
000106,北医化股份,2022,医药制造,0,21.735,0.192,22,-0.024,5.299,-0.6006,演示语料（程序化合成，接口见01脚本real模式）
000106,北医化股份,2023,医药制造,0,21.761,0.335,23,0.089,4.124,-0.3262,演示语料（程序化合成，接口见01脚本real模式）
300107,金电子科技,2019,专用设备制造,0,23.605,0.422,20,0.023,5.449,-0.5097,演示语料（程序化合成，接口见01脚本real模式）
300107,金电子科技,2020,专用设备制造,0,23.67,0.309,21,0.064,5.573,-0.047,演示语料（程序化合成，接口见01脚本real模式）
300107,金电子科技,2021,专用设备制造,0,23.664,0.52,22,0.113,5.87,0.2538,演示语料（程序化合成，接口见01脚本real模式）
300107,金电子科技,2022,专用设备制造,0,23.735,0.491,23,0.103,5.559,-0.0337,演示语料（程序化合成，接口见01脚本real模式）
300107,金电子科技,2023,专用设备制造,0,23.815,0.431,24,0.073,5.251,-0.029,演示语料（程序化合成，接口见01脚本real模式）
600108,晟医化制造,2019,电子元器件制造,0,23.785,0.53,18,-0.009,6.728,-0.13,演示语料（程序化合成，接口见01脚本real模式）
600108,晟医化制造,2020,电子元器件制造,0,23.719,0.63,19,0.072,7.885,-0.3484,演示语料（程序化合成，接口见01脚本real模式）
600108,晟医化制造,2021,电子元器件制造,0,23.415,0.459,20,0.119,5.455,-0.5566,演示语料（程序化合成，接口见01脚本real模式）
600108,晟医化制造,2022,电子元器件制造,0,23.834,0.475,21,0.03,4.026,-0.056,演示语料（程序化合成，接口见01脚本real模式）
600108,晟医化制造,2023,电子元器件制造,0,23.533,0.39,22,-0.061,6.237,-0.5121,演示语料（程序化合成，接口见01脚本real模式）
000109,利环科股份,2019,电子元器件制造,0,21.649,0.539,24,0.067,5.92,-0.7134,演示语料（程序化合成，接口见01脚本real模式）
000109,利环科股份,2020,电子元器件制造,0,22.207,0.234,25,-0.007,3.958,-0.6548,演示语料（程序化合成，接口见01脚本real模式）
000109,利环科股份,2021,电子元器件制造,0,22.034,0.257,26,0.021,4.167,-0.796,演示语料（程序化合成，接口见01脚本real模式）
000109,利环科股份,2022,电子元器件制造,0,22.172,0.361,27,-0.008,4.341,-0.396,演示语料（程序化合成，接口见01脚本real模式）
000109,利环科股份,2023,电子元器件制造,0,22.053,0.533,28,0.114,6.288,-0.6912,演示语料（程序化合成，接口见01脚本real模式）
300110,康精工实业,2019,专用设备制造,0,23.291,0.38,20,0.049,5.257,0.4991,演示语料（程序化合成，接口见01脚本real模式）
300110,康精工实业,2020,专用设备制造,0,23.49,0.38,21,-0.023,4.911,0.2222,演示语料（程序化合成，接口见01脚本real模式）
300110,康精工实业,2021,专用设备制造,0,23.406,0.365,22,0.043,3.61,0.3637,演示语料（程序化合成，接口见01脚本real模式）
300110,康精工实业,2022,专用设备制造,0,23.619,0.367,23,0.077,4.963,0.1036,演示语料（程序化合成，接口见01脚本real模式）
300110,康精工实业,2023,专用设备制造,0,23.315,0.419,24,-0.017,2.639,0.7353,演示语料（程序化合成，接口见01脚本real模式）
600111,宏智控实业,2019,汽车零部件制造,0,21.811,0.622,13,0.035,3.312,-0.0968,演示语料（程序化合成，接口见01脚本real模式）
600111,宏智控实业,2020,汽车零部件制造,0,21.978,0.558,14,0.083,4.591,0.0946,演示语料（程序化合成，接口见01脚本real模式）
600111,宏智控实业,2021,汽车零部件制造,0,22.077,0.523,15,0.074,3.077,0.6583,演示语料（程序化合成，接口见01脚本real模式）
600111,宏智控实业,2022,汽车零部件制造,0,22.203,0.319,16,0.084,2.563,0.9902,演示语料（程序化合成，接口见01脚本real模式）
600111,宏智控实业,2023,汽车零部件制造,0,21.758,0.369,17,0.049,3.857,0.4201,演示语料（程序化合成，接口见01脚本real模式）
000112,威医化科技,2019,电子元器件制造,0,22.235,0.381,20,0.013,0.299,2.8152,演示语料（程序化合成，接口见01脚本real模式）
000112,威医化科技,2020,电子元器件制造,0,22.085,0.505,21,0.076,0.2,2.2529,演示语料（程序化合成，接口见01脚本real模式）
000112,威医化科技,2021,电子元器件制造,0,22.485,0.459,22,0.084,0.958,1.7916,演示语料（程序化合成，接口见01脚本real模式）
000112,威医化科技,2022,电子元器件制造,0,22.193,0.318,23,-0.012,2.986,0.8095,演示语料（程序化合成，接口见01脚本real模式）
000112,威医化科技,2023,电子元器件制造,0,22.119,0.211,24,0.049,3.976,0.4155,演示语料（程序化合成，接口见01脚本real模式）
300113,晟动力实业,2019,电子元器件制造,0,23.439,0.555,9,0.124,3.845,0.2491,演示语料（程序化合成，接口见01脚本real模式）
300113,晟动力实业,2020,电子元器件制造,0,23.605,0.589,10,0.125,4.484,0.2836,演示语料（程序化合成，接口见01脚本real模式）
300113,晟动力实业,2021,电子元器件制造,0,23.861,0.396,11,0.01,3.709,-0.1062,演示语料（程序化合成，接口见01脚本real模式）
300113,晟动力实业,2022,电子元器件制造,0,23.632,0.178,12,0.046,6.275,-0.2723,演示语料（程序化合成，接口见01脚本real模式）
300113,晟动力实业,2023,电子元器件制造,0,23.502,0.289,13,0.025,6.036,-0.0398,演示语料（程序化合成，接口见01脚本real模式）
600114,天精工股份,2019,专用设备制造,0,20.337,0.35,25,0.12,3.657,-0.2387,演示语料（程序化合成，接口见01脚本real模式）
600114,天精工股份,2020,专用设备制造,0,20.144,0.294,26,0.012,4.24,-0.5832,演示语料（程序化合成，接口见01脚本real模式）
600114,天精工股份,2021,专用设备制造,0,20.399,0.373,27,0.12,3.323,-0.4256,演示语料（程序化合成，接口见01脚本real模式）
600114,天精工股份,2022,专用设备制造,0,20.065,0.386,28,0.015,2.685,-0.0162,演示语料（程序化合成，接口见01脚本real模式）
600114,天精工股份,2023,专用设备制造,0,20.141,0.308,29,0.079,0.382,0.6834,演示语料（程序化合成，接口见01脚本real模式）
000115,威医化制造,2019,化学原料制造,0,20.25,0.548,9,0.111,5.86,-2.0075,演示语料（程序化合成，接口见01脚本real模式）
000115,威医化制造,2020,化学原料制造,0,20.061,0.319,10,-0.003,5.169,-1.4254,演示语料（程序化合成，接口见01脚本real模式）
000115,威医化制造,2021,化学原料制造,0,19.759,0.645,11,0.009,4.523,-1.1554,演示语料（程序化合成，接口见01脚本real模式）
000115,威医化制造,2022,化学原料制造,0,19.912,0.502,12,0.075,4.859,-0.5333,演示语料（程序化合成，接口见01脚本real模式）
000115,威医化制造,2023,化学原料制造,0,20.299,0.385,13,0.053,4.056,-0.732,演示语料（程序化合成，接口见01脚本real模式）
300116,泰光电科技,2019,专用设备制造,1,21.655,0.376,21,0.045,4.832,-0.1491,演示语料（程序化合成，接口见01脚本real模式）
300116,泰光电科技,2020,专用设备制造,1,21.545,0.05,22,-0.035,2.744,-0.0509,演示语料（程序化合成，接口见01脚本real模式）
300116,泰光电科技,2021,专用设备制造,1,21.849,0.694,23,0.06,4.519,0.0301,演示语料（程序化合成，接口见01脚本real模式）
300116,泰光电科技,2022,专用设备制造,1,21.514,0.507,24,0.058,5.661,-0.2087,演示语料（程序化合成，接口见01脚本real模式）
300116,泰光电科技,2023,专用设备制造,1,21.899,0.438,25,0.014,3.017,-0.2746,演示语料（程序化合成，接口见01脚本real模式）
600117,东电子科技,2019,专用设备制造,0,22.906,0.367,9,-0.03,3.006,0.5227,演示语料（程序化合成，接口见01脚本real模式）
600117,东电子科技,2020,专用设备制造,0,23.117,0.338,10,0.028,6.103,0.5189,演示语料（程序化合成，接口见01脚本real模式）
600117,东电子科技,2021,专用设备制造,0,23.081,0.413,11,-0.052,3.283,0.2203,演示语料（程序化合成，接口见01脚本real模式）
600117,东电子科技,2022,专用设备制造,0,23.383,0.437,12,-0.002,2.6,0.4526,演示语料（程序化合成，接口见01脚本real模式）
600117,东电子科技,2023,专用设备制造,0,23.352,0.494,13,-0.016,3.812,0.3902,演示语料（程序化合成，接口见01脚本real模式）
000118,泰动力实业,2019,医药制造,0,20.38,0.233,12,0.119,3.169,0.7632,演示语料（程序化合成，接口见01脚本real模式）
000118,泰动力实业,2020,医药制造,0,20.551,0.496,13,0.032,1.895,1.2793,演示语料（程序化合成，接口见01脚本real模式）
000118,泰动力实业,2021,医药制造,0,20.687,0.417,14,0.055,1.65,0.8088,演示语料（程序化合成，接口见01脚本real模式）
000118,泰动力实业,2022,医药制造,0,20.55,0.538,15,0.078,3.321,0.3428,演示语料（程序化合成，接口见01脚本real模式）
000118,泰动力实业,2023,医药制造,0,20.43,0.387,16,0.035,3.447,0.1811,演示语料（程序化合成，接口见01脚本real模式）
300119,金智控科技,2019,专用设备制造,1,22.484,0.382,18,-0.005,2.996,1.2207,演示语料（程序化合成，接口见01脚本real模式）
300119,金智控科技,2020,专用设备制造,1,22.9,0.448,19,-0.008,3.472,0.8541,演示语料（程序化合成，接口见01脚本real模式）
300119,金智控科技,2021,专用设备制造,1,22.811,0.604,20,0.025,4.666,0.9865,演示语料（程序化合成，接口见01脚本real模式）
300119,金智控科技,2022,专用设备制造,1,23.065,0.534,21,0.026,4.01,0.4447,演示语料（程序化合成，接口见01脚本real模式）
300119,金智控科技,2023,专用设备制造,1,22.937,0.201,22,0.061,5.069,0.2008,演示语料（程序化合成，接口见01脚本real模式）
600120,东智造股份,2019,专用设备制造,0,22.726,0.186,9,0.104,5.931,-0.2853,演示语料（程序化合成，接口见01脚本real模式）
600120,东智造股份,2020,专用设备制造,0,22.89,0.506,10,0.092,5.161,0.252,演示语料（程序化合成，接口见01脚本real模式）
600120,东智造股份,2021,专用设备制造,0,23.268,0.519,11,0.13,2.831,0.737,演示语料（程序化合成，接口见01脚本real模式）
600120,东智造股份,2022,专用设备制造,0,22.757,0.395,12,0.037,4.803,0.4139,演示语料（程序化合成，接口见01脚本real模式）
600120,东智造股份,2023,专用设备制造,0,22.987,0.228,13,0.025,2.804,0.4294,演示语料（程序化合成，接口见01脚本real模式）
